-- --------------------------------------------------------
-- Host:                         127.0.0.1
-- Versión del servidor:         8.0.30 - MySQL Community Server - GPL
-- SO del servidor:              Win64
-- HeidiSQL Versión:             12.1.0.6537
-- --------------------------------------------------------

/*!40101 SET @OLD_CHARACTER_SET_CLIENT=@@CHARACTER_SET_CLIENT */;
/*!40101 SET NAMES utf8 */;
/*!50503 SET NAMES utf8mb4 */;
/*!40103 SET @OLD_TIME_ZONE=@@TIME_ZONE */;
/*!40103 SET TIME_ZONE='+00:00' */;
/*!40014 SET @OLD_FOREIGN_KEY_CHECKS=@@FOREIGN_KEY_CHECKS, FOREIGN_KEY_CHECKS=0 */;
/*!40101 SET @OLD_SQL_MODE=@@SQL_MODE, SQL_MODE='NO_AUTO_VALUE_ON_ZERO' */;
/*!40111 SET @OLD_SQL_NOTES=@@SQL_NOTES, SQL_NOTES=0 */;


-- Volcando estructura de base de datos para crdventas
CREATE DATABASE IF NOT EXISTS `crdventas` /*!40100 DEFAULT CHARACTER SET utf8mb4 COLLATE utf8mb4_0900_ai_ci */ /*!80016 DEFAULT ENCRYPTION='N' */;
USE `crdventas`;

-- Volcando datos para la tabla crdventas.cache: ~1 rows (aproximadamente)
REPLACE INTO `cache` (`key`, `value`, `expiration`) VALUES
	('spatie.permission.cache', 'a:3:{s:5:"alias";a:3:{s:1:"a";s:2:"id";s:1:"b";s:4:"name";s:1:"c";s:10:"guard_name";}s:11:"permissions";a:22:{i:0;a:3:{s:1:"a";i:1;s:1:"b";s:16:"LISTAR CATEGORIA";s:1:"c";s:3:"web";}i:1;a:3:{s:1:"a";i:2;s:1:"b";s:15:"CREAR CATEGORIA";s:1:"c";s:3:"web";}i:2;a:3:{s:1:"a";i:3;s:1:"b";s:16:"EDITAR CATEGORIA";s:1:"c";s:3:"web";}i:3;a:3:{s:1:"a";i:4;s:1:"b";s:18:"ELIMINAR CATEGORIA";s:1:"c";s:3:"web";}i:4;a:3:{s:1:"a";i:5;s:1:"b";s:15:"TRAER CATEGORIA";s:1:"c";s:3:"web";}i:5;a:3:{s:1:"a";i:6;s:1:"b";s:15:"LISTAR PRODUCTO";s:1:"c";s:3:"web";}i:6;a:3:{s:1:"a";i:7;s:1:"b";s:14:"CREAR PRODUCTO";s:1:"c";s:3:"web";}i:7;a:3:{s:1:"a";i:8;s:1:"b";s:15:"EDITAR PRODUCTO";s:1:"c";s:3:"web";}i:8;a:3:{s:1:"a";i:9;s:1:"b";s:17:"ELIMINAR PRODUCTO";s:1:"c";s:3:"web";}i:9;a:3:{s:1:"a";i:10;s:1:"b";s:14:"TRAER PRODUCTO";s:1:"c";s:3:"web";}i:10;a:3:{s:1:"a";i:11;s:1:"b";s:13:"LISTAR VENTAS";s:1:"c";s:3:"web";}i:11;a:3:{s:1:"a";i:12;s:1:"b";s:23:"LISTAR DETALLE DE VENTA";s:1:"c";s:3:"web";}i:12;a:3:{s:1:"a";i:13;s:1:"b";s:12:"CREAR VENTAS";s:1:"c";s:3:"web";}i:13;a:3:{s:1:"a";i:14;s:1:"b";s:15:"LISTAR USUARIOS";s:1:"c";s:3:"web";}i:14;a:3:{s:1:"a";i:15;s:1:"b";s:14:"CREAR USUARIOS";s:1:"c";s:3:"web";}i:15;a:3:{s:1:"a";i:16;s:1:"b";s:23:"ACTUALIZAR CONTRASEÑAS";s:1:"c";s:3:"web";}i:16;a:3:{s:1:"a";i:17;s:1:"b";s:18:"ACTUALIZAR NOMBRES";s:1:"c";s:3:"web";}i:17;a:3:{s:1:"a";i:18;s:1:"b";s:17:"ELIMINAR USUARIOS";s:1:"c";s:3:"web";}i:18;a:3:{s:1:"a";i:19;s:1:"b";s:19:"ACTUALIZAR PERMISOS";s:1:"c";s:3:"web";}i:19;a:3:{s:1:"a";i:20;s:1:"b";s:11:"TRAER ROLES";s:1:"c";s:3:"web";}i:20;a:3:{s:1:"a";i:21;s:1:"b";s:14:"TRAER PERMISOS";s:1:"c";s:3:"web";}i:21;a:3:{s:1:"a";i:22;s:1:"b";s:13:"TRAER USUARIO";s:1:"c";s:3:"web";}}s:5:"roles";a:0:{}}', 1731677096);

-- Volcando datos para la tabla crdventas.cache_locks: ~0 rows (aproximadamente)

-- Volcando datos para la tabla crdventas.categoria: ~7 rows (aproximadamente)
REPLACE INTO `categoria` (`idCategoria`, `NombreCat`, `Estado`) VALUES
	(1, 'Artefactos de computo', 'ACTIVO'),
	(2, 'Productos de limpieza', 'ACTIVO'),
	(4, 'Ropa de Invierno', 'ACTIVO'),
	(6, 'Utencillos de Cocinas', 'ACTIVO'),
	(7, 'Ropa Deportiva', 'ACTIVO'),
	(12, 'Alimentos', 'ACTIVO'),
	(21, 'Bebidas', 'ACTIVO');

-- Volcando datos para la tabla crdventas.detalleventa: ~62 rows (aproximadamente)
REPLACE INTO `detalleventa` (`idDetalle`, `idVenta`, `idProducto`, `Unidades`, `Total`) VALUES
	(1, 43, 3, 2, 90.00),
	(2, 43, 2, 1, 490.00),
	(3, 44, 2, 1, 490.00),
	(4, 44, 3, 2, 90.00),
	(5, 45, 2, 1, 490.00),
	(6, 45, 3, 2, 90.00),
	(7, 46, 3, 3, 135.00),
	(8, 46, 2, 1, 490.00),
	(9, 46, 1, 2, 160.00),
	(10, 47, 2, 1, 489.90),
	(11, 47, 3, 3, 134.70),
	(12, 47, 1, 1, 80.00),
	(13, 48, 2, 1, 489.90),
	(14, 48, 3, 1, 44.90),
	(15, 49, 1, 2, 200.50),
	(16, 49, 2, 1, 100.00),
	(17, 49, 3, 5, 250.75),
	(18, 50, 1, 2, 200.50),
	(19, 50, 2, 1, 100.00),
	(20, 50, 3, 5, 250.75),
	(21, 51, 8, 2, 15.00),
	(22, 52, 8, 1, 7.50),
	(23, 53, 10, 1, 4.50),
	(24, 54, 8, 1, 7.50),
	(25, 54, 10, 1, 4.50),
	(26, 55, 2, 1, 7.50),
	(27, 55, 11, 1, 4.50),
	(28, 56, 13, 2, 9.00),
	(29, 57, 13, 1, 4.50),
	(30, 58, 13, 1, 4.50),
	(31, 62, 2, 1, 7.50),
	(32, 63, 13, 2, 9.00),
	(33, 68, 1, 5, 50.00),
	(34, 68, 2, 2, 40.00),
	(35, 68, 3, 1, 30.00),
	(36, 69, 1, 1, 80.00),
	(37, 69, 2, 1, 7.50),
	(38, 70, 11, 9, 40.50),
	(39, 71, 3, 1, 44.90),
	(40, 72, 2, 1, 7.50),
	(41, 72, 1, 1, 80.00),
	(42, 73, 2, 31, 232.50),
	(43, 74, 7, 4, 20003.60),
	(44, 75, 1, 2, 200.00),
	(45, 75, 2, 1, 100.00),
	(46, 75, 3, 5, 500.00),
	(47, 76, 2, 12, 90.00),
	(48, 76, 10, 21, 94.50),
	(49, 77, 1, 2, 160.00),
	(50, 78, 26, 1, 1.00),
	(51, 78, 2, 3, 22.50),
	(52, 79, 1, 1, 80.00),
	(53, 80, 7, 1, 5000.90),
	(54, 81, 1, 1, 80.00),
	(55, 83, 32, 7, 560.00),
	(56, 84, 7, 1, 5000.90),
	(57, 85, 31, 35, 2800.00),
	(58, 85, 8, 2, 15.00),
	(59, 86, 34, 87, 6960.00),
	(60, 86, 11, 5, 22.50),
	(61, 86, 10, 10, 45.00),
	(62, 86, 3, 5, 224.50),
	(63, 86, 2, 1, 7.50);

-- Volcando datos para la tabla crdventas.migrations: ~3 rows (aproximadamente)
REPLACE INTO `migrations` (`id`, `migration`, `batch`) VALUES
	(1, '2024_08_05_215624_create_usuarios_table', 1),
	(2, '2024_08_06_204812_create_personal_access_tokens_table', 2),
	(3, '2024_08_06_205528_create_cache_table', 3),
	(4, '2024_09_06_210731_create_permission_tables', 4);

-- Volcando datos para la tabla crdventas.model_has_permissions: ~66 rows (aproximadamente)
REPLACE INTO `model_has_permissions` (`permission_id`, `model_type`, `model_id`) VALUES
	(1, 'App\\Models\\Usuarios', 1),
	(2, 'App\\Models\\Usuarios', 1),
	(3, 'App\\Models\\Usuarios', 1),
	(4, 'App\\Models\\Usuarios', 1),
	(5, 'App\\Models\\Usuarios', 1),
	(6, 'App\\Models\\Usuarios', 1),
	(7, 'App\\Models\\Usuarios', 1),
	(8, 'App\\Models\\Usuarios', 1),
	(9, 'App\\Models\\Usuarios', 1),
	(10, 'App\\Models\\Usuarios', 1),
	(11, 'App\\Models\\Usuarios', 1),
	(12, 'App\\Models\\Usuarios', 1),
	(13, 'App\\Models\\Usuarios', 1),
	(14, 'App\\Models\\Usuarios', 1),
	(15, 'App\\Models\\Usuarios', 1),
	(16, 'App\\Models\\Usuarios', 1),
	(17, 'App\\Models\\Usuarios', 1),
	(18, 'App\\Models\\Usuarios', 1),
	(19, 'App\\Models\\Usuarios', 1),
	(20, 'App\\Models\\Usuarios', 1),
	(21, 'App\\Models\\Usuarios', 1),
	(22, 'App\\Models\\Usuarios', 1),
	(1, 'App\\Models\\Usuarios', 38),
	(2, 'App\\Models\\Usuarios', 38),
	(3, 'App\\Models\\Usuarios', 38),
	(4, 'App\\Models\\Usuarios', 38),
	(5, 'App\\Models\\Usuarios', 38),
	(6, 'App\\Models\\Usuarios', 38),
	(7, 'App\\Models\\Usuarios', 38),
	(8, 'App\\Models\\Usuarios', 38),
	(9, 'App\\Models\\Usuarios', 38),
	(10, 'App\\Models\\Usuarios', 38),
	(11, 'App\\Models\\Usuarios', 38),
	(12, 'App\\Models\\Usuarios', 38),
	(13, 'App\\Models\\Usuarios', 38),
	(14, 'App\\Models\\Usuarios', 38),
	(15, 'App\\Models\\Usuarios', 38),
	(16, 'App\\Models\\Usuarios', 38),
	(17, 'App\\Models\\Usuarios', 38),
	(18, 'App\\Models\\Usuarios', 38),
	(19, 'App\\Models\\Usuarios', 38),
	(20, 'App\\Models\\Usuarios', 38),
	(21, 'App\\Models\\Usuarios', 38),
	(22, 'App\\Models\\Usuarios', 38),
	(1, 'App\\Models\\Usuarios', 39),
	(2, 'App\\Models\\Usuarios', 39),
	(3, 'App\\Models\\Usuarios', 39),
	(4, 'App\\Models\\Usuarios', 39),
	(5, 'App\\Models\\Usuarios', 39),
	(6, 'App\\Models\\Usuarios', 39),
	(7, 'App\\Models\\Usuarios', 39),
	(8, 'App\\Models\\Usuarios', 39),
	(9, 'App\\Models\\Usuarios', 39),
	(10, 'App\\Models\\Usuarios', 39),
	(11, 'App\\Models\\Usuarios', 39),
	(12, 'App\\Models\\Usuarios', 39),
	(13, 'App\\Models\\Usuarios', 39),
	(14, 'App\\Models\\Usuarios', 39),
	(15, 'App\\Models\\Usuarios', 39),
	(16, 'App\\Models\\Usuarios', 39),
	(17, 'App\\Models\\Usuarios', 39),
	(18, 'App\\Models\\Usuarios', 39),
	(19, 'App\\Models\\Usuarios', 39),
	(20, 'App\\Models\\Usuarios', 39),
	(21, 'App\\Models\\Usuarios', 39),
	(22, 'App\\Models\\Usuarios', 39);

-- Volcando datos para la tabla crdventas.model_has_roles: ~1 rows (aproximadamente)
REPLACE INTO `model_has_roles` (`role_id`, `model_type`, `model_id`) VALUES
	(1, 'App\\Models\\Usuarios', 1),
	(3, 'App\\Models\\Usuarios', 38),
	(1, 'App\\Models\\Usuarios', 39);

-- Volcando datos para la tabla crdventas.permissions: ~21 rows (aproximadamente)
REPLACE INTO `permissions` (`id`, `name`, `guard_name`, `created_at`, `updated_at`) VALUES
	(1, 'LISTAR CATEGORIA', 'web', '2024-09-22 05:23:10', '2024-09-22 05:23:10'),
	(2, 'CREAR CATEGORIA', 'web', '2024-09-22 05:23:10', '2024-09-22 05:23:10'),
	(3, 'EDITAR CATEGORIA', 'web', '2024-09-22 05:23:10', '2024-09-22 05:23:10'),
	(4, 'ELIMINAR CATEGORIA', 'web', '2024-09-22 05:23:10', '2024-09-22 05:23:10'),
	(5, 'TRAER CATEGORIA', 'web', '2024-09-22 05:23:11', '2024-09-22 05:23:11'),
	(6, 'LISTAR PRODUCTO', 'web', '2024-09-22 05:23:11', '2024-09-22 05:23:11'),
	(7, 'CREAR PRODUCTO', 'web', '2024-09-22 05:23:11', '2024-09-22 05:23:11'),
	(8, 'EDITAR PRODUCTO', 'web', '2024-09-22 05:23:11', '2024-09-22 05:23:11'),
	(9, 'ELIMINAR PRODUCTO', 'web', '2024-09-22 05:23:11', '2024-09-22 05:23:11'),
	(10, 'TRAER PRODUCTO', 'web', '2024-09-22 05:23:11', '2024-09-22 05:23:11'),
	(11, 'LISTAR VENTAS', 'web', '2024-09-22 05:23:11', '2024-09-22 05:23:11'),
	(12, 'LISTAR DETALLE DE VENTA', 'web', '2024-09-22 05:23:11', '2024-09-22 05:23:11'),
	(13, 'CREAR VENTAS', 'web', '2024-09-22 05:23:11', '2024-09-22 05:23:11'),
	(14, 'LISTAR USUARIOS', 'web', '2024-09-22 05:23:11', '2024-09-22 05:23:11'),
	(15, 'CREAR USUARIOS', 'web', '2024-09-22 05:23:11', '2024-09-22 05:23:11'),
	(16, 'ACTUALIZAR CONTRASEÑAS', 'web', '2024-09-22 05:23:11', '2024-09-22 05:23:11'),
	(17, 'ACTUALIZAR NOMBRES', 'web', '2024-09-22 05:23:11', '2024-09-22 05:23:11'),
	(18, 'ELIMINAR USUARIOS', 'web', '2024-09-22 05:23:11', '2024-09-22 05:23:11'),
	(19, 'ACTUALIZAR PERMISOS', 'web', '2024-09-22 05:23:11', '2024-09-22 05:23:11'),
	(20, 'TRAER ROLES', 'web', '2024-09-22 05:23:12', '2024-09-22 05:23:12'),
	(21, 'TRAER PERMISOS', 'web', '2024-09-22 05:23:13', '2024-09-22 05:23:13'),
	(22, 'TRAER USUARIO', 'web', '2024-09-23 03:49:34', '2024-09-23 03:49:34');

-- Volcando datos para la tabla crdventas.personal_access_tokens: ~409 rows (aproximadamente)
REPLACE INTO `personal_access_tokens` (`id`, `tokenable_type`, `tokenable_id`, `name`, `token`, `abilities`, `last_used_at`, `expires_at`, `created_at`, `updated_at`) VALUES
	(1, 'App\\Models\\Usuarios', 1, 'Personal Access Token', 'bc6f17d424558e7e6304d60cfd97c35eb79e6a0e6bbee2bf2e61a5bb0c24210e', '["*"]', NULL, NULL, '2024-08-07 01:58:19', '2024-08-07 01:58:19'),
	(2, 'App\\Models\\Usuarios', 1, 'Personal Access Token', '53f61dbf58eacb7201d488db9f8587499b250f6e7fcd05d123587c1dbb798346', '["*"]', NULL, NULL, '2024-08-08 02:33:31', '2024-08-08 02:33:31'),
	(3, 'App\\Models\\Usuarios', 1, 'Personal Access Token', '80edb792244b548a2ab30c4cfc2ecbdbf4a331f79b5a2fe2206df5c37220b7ab', '["*"]', NULL, NULL, '2024-08-08 02:33:54', '2024-08-08 02:33:54'),
	(4, 'App\\Models\\Usuarios', 1, 'Personal Access Token', '6c5c0b973269b338e8120f946563f2a498a64e1e8f612b6fe40ac6974619e7f3', '["*"]', NULL, NULL, '2024-08-08 02:38:00', '2024-08-08 02:38:00'),
	(5, 'App\\Models\\Usuarios', 1, 'Personal Access Token', 'd02aa510e1f85f374bc73d987a4493ad6340d3cd0de15f9d11a73600e5af7c96', '["*"]', NULL, NULL, '2024-08-08 02:41:49', '2024-08-08 02:41:49'),
	(6, 'App\\Models\\Usuarios', 1, 'Personal Access Token', 'f926fdfb1b089518261b012e8bcb2e1a70fa0fdaa764e7b72e6b23361668cd37', '["*"]', NULL, NULL, '2024-08-08 02:59:38', '2024-08-08 02:59:38'),
	(7, 'App\\Models\\Usuarios', 1, 'Personal Access Token', '7081325b665e742eeb492a53ff96be5aae5ee59ba68a635c7d4434172dba17c4', '["*"]', NULL, NULL, '2024-08-08 03:00:02', '2024-08-08 03:00:02'),
	(8, 'App\\Models\\Usuarios', 1, 'Personal Access Token', 'b696a64ee1a4557a0b0ae49c6c210324e59b7291b192e94397a44be4dcb51c82', '["*"]', NULL, NULL, '2024-08-08 03:01:57', '2024-08-08 03:01:57'),
	(9, 'App\\Models\\Usuarios', 1, 'Personal Access Token', 'a379f1229196800407b524051f1527de1bca5b9aef753723b5733d2eb67a0640', '["*"]', NULL, NULL, '2024-08-08 03:15:15', '2024-08-08 03:15:15'),
	(10, 'App\\Models\\Usuarios', 1, 'Personal Access Token', 'f01b8bac0d9adad7e37531782e5f23296cc7b5855b47be38b2cc832480b632ab', '["*"]', NULL, NULL, '2024-08-08 03:22:28', '2024-08-08 03:22:28'),
	(11, 'App\\Models\\Usuarios', 1, 'Personal Access Token', 'ce59d7fde57d13d4b85f6b7f3805530a26dd0d511d4a7e94ff80d11565651251', '["*"]', NULL, NULL, '2024-08-08 03:23:41', '2024-08-08 03:23:41'),
	(12, 'App\\Models\\Usuarios', 1, 'Personal Access Token', 'a14eb109dff73e8fb26aa9caeba4c7ab1401a5d41eed85325f8a6b729402b492', '["*"]', '2024-08-08 03:28:07', NULL, '2024-08-08 03:25:19', '2024-08-08 03:28:07'),
	(13, 'App\\Models\\Usuarios', 1, 'Personal Access Token', '7dfa23df4b72a32c59262b07f619b25ab6c31d8f5eb1a9651638345b98b2a17e', '["*"]', NULL, NULL, '2024-08-08 03:26:05', '2024-08-08 03:26:05'),
	(14, 'App\\Models\\Usuarios', 1, 'Personal Access Token', '8ed4efed0d8fbd765ce8a8934b8293fc9c495e1e3da495b0fa3b0cbf27eee198', '["*"]', NULL, NULL, '2024-08-08 03:26:08', '2024-08-08 03:26:08'),
	(15, 'App\\Models\\Usuarios', 1, 'Personal Access Token', '60237c9efa82ec613e4bcecaaa59e067da547f061fdf1725f514a45aa736b6a6', '["*"]', '2024-08-08 18:34:06', NULL, '2024-08-08 18:33:13', '2024-08-08 18:34:06'),
	(16, 'App\\Models\\Usuarios', 1, 'Personal Access Token', '005ff55434ba7fc8161aff573b027e55b04634afdc84f8c9e762b4ebba9f230e', '["*"]', NULL, NULL, '2024-08-08 19:06:00', '2024-08-08 19:06:00'),
	(18, 'App\\Models\\Usuarios', 2, 'Personal Access Token', 'b177942dfb69e4bb142eaf362f19649b19f11f824a51b99b41839bdd3b5ccdb6', '["*"]', '2024-08-22 20:05:18', NULL, '2024-08-22 19:12:14', '2024-08-22 20:05:18'),
	(19, 'App\\Models\\Usuarios', 2, 'Personal Access Token', '7f32d7a3bcc42b6831c5c9da8c35d4971d2c7f9a2120c8333bd0d585530d6b8d', '["*"]', '2024-08-22 20:31:16', NULL, '2024-08-22 20:31:15', '2024-08-22 20:31:16'),
	(20, 'App\\Models\\Usuarios', 2, 'Personal Access Token', '26ac6583ef47242cbd61945a5296b2576381e152e6172b8b7d6853afbed80a4c', '["*"]', '2024-08-22 20:38:27', NULL, '2024-08-22 20:38:26', '2024-08-22 20:38:27'),
	(21, 'App\\Models\\Usuarios', 2, 'Personal Access Token', '4d3639811931d2cb593013747d3a4881bbb32f7b44c41bf603bf899c0acccbf5', '["*"]', '2024-08-22 21:24:25', NULL, '2024-08-22 21:23:56', '2024-08-22 21:24:25'),
	(22, 'App\\Models\\Usuarios', 2, 'Personal Access Token', 'f59b6c4576515afb3b8878673d9f7612ecb606b5594bad6b036afe62e0bfc87f', '["*"]', '2024-08-22 21:25:08', NULL, '2024-08-22 21:25:07', '2024-08-22 21:25:08'),
	(23, 'App\\Models\\Usuarios', 2, 'Personal Access Token', 'c4212b9e73c176159a60bcbb1bf9abb708935709dbe375dc6e3f23f12d1536ab', '["*"]', '2024-08-22 21:29:34', NULL, '2024-08-22 21:29:33', '2024-08-22 21:29:34'),
	(24, 'App\\Models\\Usuarios', 2, 'Personal Access Token', '03ddd28016847bc3cb76c460e91b7c3828b159e755bc5be8417c335453222eaf', '["*"]', '2024-08-22 21:30:09', NULL, '2024-08-22 21:30:08', '2024-08-22 21:30:09'),
	(25, 'App\\Models\\Usuarios', 2, 'Personal Access Token', '0195c801102a907e190ac0e955beca3307368b0f8495e306cabd3203d60709f0', '["*"]', '2024-08-22 21:31:55', NULL, '2024-08-22 21:31:54', '2024-08-22 21:31:55'),
	(26, 'App\\Models\\Usuarios', 2, 'Personal Access Token', '134522334b4aecb3acce48142e5b233e37d23ecf9d0498b4b2550da33c1f54a2', '["*"]', '2024-08-22 21:32:19', NULL, '2024-08-22 21:32:18', '2024-08-22 21:32:19'),
	(27, 'App\\Models\\Usuarios', 2, 'Personal Access Token', 'bd02c8967815456b49f06b4f422975e2fc9ae242c2cf465ed703ce94ba6b85a8', '["*"]', '2024-08-22 21:32:34', NULL, '2024-08-22 21:32:29', '2024-08-22 21:32:34'),
	(28, 'App\\Models\\Usuarios', 2, 'Personal Access Token', 'b4847fb0c92671cec41f031733826209f95aa746da644f40f1a608fe17e70cb6', '["*"]', '2024-08-22 21:32:45', NULL, '2024-08-22 21:32:40', '2024-08-22 21:32:45'),
	(29, 'App\\Models\\Usuarios', 2, 'Personal Access Token', '71a7249b859699cf0be385b81679b828ee45d48adf4632b5160aa1a834fe55d9', '["*"]', '2024-08-22 22:23:36', NULL, '2024-08-22 22:23:35', '2024-08-22 22:23:36'),
	(30, 'App\\Models\\Usuarios', 2, 'Personal Access Token', 'a7f49f01c85e5c82453d2f12a8c71d10ffb55700dcf4ac1019f36728433501ad', '["*"]', '2024-08-23 00:06:49', NULL, '2024-08-23 00:06:48', '2024-08-23 00:06:49'),
	(32, 'App\\Models\\Usuarios', 2, 'Personal Access Token', '9126744ea05c42662bd1b4c7cac21ec496117157a145f27b37ca6b5fb135801c', '["*"]', '2024-08-23 00:42:50', NULL, '2024-08-23 00:42:49', '2024-08-23 00:42:50'),
	(33, 'App\\Models\\Usuarios', 2, 'Personal Access Token', '1b7700835cc043b8a21d49b62f5b5f0931f82d7773d79b251448669fc1df21d8', '["*"]', '2024-08-23 01:19:19', NULL, '2024-08-23 01:19:18', '2024-08-23 01:19:19'),
	(34, 'App\\Models\\Usuarios', 2, 'Personal Access Token', '53e636664ccf3d8c7ca9c1e13fdab866cb38393d8a93fad539795a26679df6f5', '["*"]', '2024-08-23 01:40:22', NULL, '2024-08-23 01:32:57', '2024-08-23 01:40:22'),
	(35, 'App\\Models\\Usuarios', 2, 'Personal Access Token', '6737eaec26b4c97b05b370e2f8dabe5adb3f8f5e7acfe082ac9da200d9374de1', '["*"]', '2024-08-23 01:53:09', NULL, '2024-08-23 01:48:32', '2024-08-23 01:53:09'),
	(36, 'App\\Models\\Usuarios', 2, 'Personal Access Token', '7ebc3ccbb6710a701642dd132650ca6cbbfe79c78c1141a42f618aa045cbc253', '["*"]', '2024-08-23 02:59:15', NULL, '2024-08-23 01:58:59', '2024-08-23 02:59:15'),
	(37, 'App\\Models\\Usuarios', 2, 'Personal Access Token', '65e00fb48b83cc1800bba3c0aa3ce19adf02a334367c89fbbc8ebb8c41477140', '["*"]', '2024-08-23 08:46:21', NULL, '2024-08-23 07:53:29', '2024-08-23 08:46:21'),
	(46, 'App\\Models\\Usuarios', 2, 'Personal Access Token', '8b60c6a242ddd71aa0031a38cd671f15a28bae8caf51d65ab6d016f15480c59d', '["*"]', NULL, NULL, '2024-08-23 20:55:07', '2024-08-23 20:55:07'),
	(47, 'App\\Models\\Usuarios', 2, 'Personal Access Token', '213e3e090de4f093afd1750ea283a67d695fd51f20e85e4890f2cbe55c30576d', '["*"]', NULL, NULL, '2024-08-23 20:55:31', '2024-08-23 20:55:31'),
	(50, 'App\\Models\\Usuarios', 2, 'Personal Access Token', '2e6b733b6926fed19cefa8fa34bc821437b17ea0d04bfa7d463c9804c9b94747', '["*"]', NULL, NULL, '2024-08-23 21:00:54', '2024-08-23 21:00:54'),
	(54, 'App\\Models\\Usuarios', 2, 'Personal Access Token', 'e7b3a3bba08473e93fa80789677c75c3784bd43e1571ae2d00e0f98a2aa9fbc2', '["*"]', NULL, NULL, '2024-08-23 21:40:42', '2024-08-23 21:40:42'),
	(55, 'App\\Models\\Usuarios', 2, 'Personal Access Token', '5b6429e386793daba86dbe223d1a10da61824b101487e8c37172679fffe57009', '["*"]', NULL, NULL, '2024-08-23 21:41:28', '2024-08-23 21:41:28'),
	(56, 'App\\Models\\Usuarios', 2, 'Personal Access Token', 'fd6b3a50a5b996e31b58afdf6faa30c2975a6f9bff9a292e5ab20e58ebd6b897', '["*"]', '2024-08-23 22:18:04', NULL, '2024-08-23 21:41:42', '2024-08-23 22:18:04'),
	(57, 'App\\Models\\Usuarios', 2, 'Personal Access Token', '4b320a9e1dc92ad44caff7c445163f9a751f7bb105ece7d18e6503277e0b53ad', '["*"]', '2024-08-24 00:25:05', NULL, '2024-08-24 00:25:00', '2024-08-24 00:25:05'),
	(58, 'App\\Models\\Usuarios', 2, 'Personal Access Token', '57cfbb4637e205a81a759a65b553f1702802e83f87e70b15d21a111a7c8f8d9d', '["*"]', '2024-08-24 00:25:19', NULL, '2024-08-24 00:25:14', '2024-08-24 00:25:19'),
	(59, 'App\\Models\\Usuarios', 2, 'Personal Access Token', 'dcd5cdcd72707fddb86f74c26ea9d8c8a5bcd446c24d976fa7e277e33492ddbe', '["*"]', '2024-08-24 00:25:28', NULL, '2024-08-24 00:25:27', '2024-08-24 00:25:28'),
	(60, 'App\\Models\\Usuarios', 2, 'Personal Access Token', 'a03a6fb5f9b5226721f2e24d1ac9773fef7136d8b7d293cd433b217c0501ebc8', '["*"]', '2024-08-24 00:29:04', NULL, '2024-08-24 00:29:01', '2024-08-24 00:29:04'),
	(61, 'App\\Models\\Usuarios', 2, 'Personal Access Token', '0431716362aba76f19ff61df059b12efc3ac62b3915577bd5bf77d0b9c12fab9', '["*"]', '2024-08-24 00:30:20', NULL, '2024-08-24 00:30:17', '2024-08-24 00:30:20'),
	(62, 'App\\Models\\Usuarios', 2, 'Personal Access Token', 'a588f6925cd1c6915e613d3a942dc8f9578561b03df398015bdf94f7f70e0843', '["*"]', '2024-08-24 00:30:39', NULL, '2024-08-24 00:30:38', '2024-08-24 00:30:39'),
	(63, 'App\\Models\\Usuarios', 2, 'Personal Access Token', 'dab5c757cca17f3869f34cc1f7d124d63898d14fe69573ad670ef694eab41fcd', '["*"]', '2024-08-24 00:31:40', NULL, '2024-08-24 00:31:36', '2024-08-24 00:31:40'),
	(64, 'App\\Models\\Usuarios', 2, 'Personal Access Token', 'acc1bc4428ea0f74ed2b398d9882005089b691fb7e3d2325ccb1213be63126cd', '["*"]', '2024-08-24 00:33:20', NULL, '2024-08-24 00:33:15', '2024-08-24 00:33:20'),
	(65, 'App\\Models\\Usuarios', 2, 'Personal Access Token', 'f4978b0dad106cc462faf55922ff9fa7f9f5e0bcb65314ee87e17a5d166809eb', '["*"]', '2024-08-24 00:33:37', NULL, '2024-08-24 00:33:34', '2024-08-24 00:33:37'),
	(66, 'App\\Models\\Usuarios', 2, 'Personal Access Token', 'ff851fb2649b6bc91de4cf1e10579d1fdb9e1d4c5b059564cf65e00713ac6597', '["*"]', '2024-08-24 00:33:49', NULL, '2024-08-24 00:33:46', '2024-08-24 00:33:49'),
	(67, 'App\\Models\\Usuarios', 2, 'Personal Access Token', 'ad6599c4e3e7de2d327aa90638069fe918aee7532ecc97bae5c4a6180c9d146c', '["*"]', '2024-08-24 00:34:11', NULL, '2024-08-24 00:34:06', '2024-08-24 00:34:11'),
	(68, 'App\\Models\\Usuarios', 2, 'Personal Access Token', '8bf1ebd41001a26b6f81b575f754b0ac2593b098ec40932d313aef6bb9c31830', '["*"]', '2024-08-24 00:34:21', NULL, '2024-08-24 00:34:16', '2024-08-24 00:34:21'),
	(69, 'App\\Models\\Usuarios', 2, 'Personal Access Token', '48287a5f67e8b057b41868ffa4b46ea61f6398375db3935c34088686b63aaffc', '["*"]', '2024-08-24 00:34:27', NULL, '2024-08-24 00:34:26', '2024-08-24 00:34:27'),
	(70, 'App\\Models\\Usuarios', 2, 'Personal Access Token', '9ee7cdbcef0b04becf83168990b7fdf5834cd6dd3a8444a4436c843dbce5e78d', '["*"]', '2024-08-24 00:34:47', NULL, '2024-08-24 00:34:42', '2024-08-24 00:34:47'),
	(71, 'App\\Models\\Usuarios', 2, 'Personal Access Token', '7ebc71beff50422331611a110cc4942e4e67b7d00cec9b0d5e17545485b77347', '["*"]', '2024-08-24 00:35:23', NULL, '2024-08-24 00:35:18', '2024-08-24 00:35:23'),
	(72, 'App\\Models\\Usuarios', 2, 'Personal Access Token', 'cc768ae89c19c3c56f82ae1362875fdeae6e2779f5b5f0ea3157b9d975c2fc03', '["*"]', '2024-08-24 00:35:49', NULL, '2024-08-24 00:35:44', '2024-08-24 00:35:49'),
	(73, 'App\\Models\\Usuarios', 2, 'Personal Access Token', '8d5b5d2d38fe148089bc33bda06c5a5b3b9bb5882dda3411f840886cd3cb1ff8', '["*"]', '2024-08-24 00:35:58', NULL, '2024-08-24 00:35:54', '2024-08-24 00:35:58'),
	(74, 'App\\Models\\Usuarios', 2, 'Personal Access Token', '98b5bf95d5f2ea7f599774717621763593188caa722d75876270511e93c3bb30', '["*"]', '2024-08-24 01:28:52', NULL, '2024-08-24 01:28:51', '2024-08-24 01:28:52'),
	(76, 'App\\Models\\Usuarios', 2, 'Personal Access Token', 'a708540337fa8220082daf49ab1a723e630e3df87aad588435c5c49e3257263d', '["*"]', '2024-08-26 18:39:48', NULL, '2024-08-26 18:35:06', '2024-08-26 18:39:48'),
	(80, 'App\\Models\\Usuarios', 6, 'Personal Access Token', '1e069b9bdc06c7e0535103f5998ee035c26b0eccc4fa9baa1846c1ca51e1cb6a', '["*"]', NULL, NULL, '2024-08-27 02:44:20', '2024-08-27 02:44:20'),
	(81, 'App\\Models\\Usuarios', 6, 'Personal Access Token', 'd93e9f4b7d0609e4af79a4d9709b73e400e16361966044bdadd0397ec12b0204', '["*"]', NULL, NULL, '2024-08-27 02:45:29', '2024-08-27 02:45:29'),
	(82, 'App\\Models\\Usuarios', 6, 'Personal Access Token', '4deb8c5bd03c4f18238218503b27953ef9c2e0279288c9cdb2d02967b2cf6e62', '["*"]', NULL, NULL, '2024-08-27 02:45:31', '2024-08-27 02:45:31'),
	(83, 'App\\Models\\Usuarios', 6, 'Personal Access Token', '46f67ee05ff28d8a393dccd473fb6b77b6b510cc009fea2f1c55d25b072be0e2', '["*"]', NULL, NULL, '2024-08-27 02:45:35', '2024-08-27 02:45:35'),
	(84, 'App\\Models\\Usuarios', 2, 'Personal Access Token', '46f3c41052dcc13fe490e904efbe982ccba71664ff1b46efca970ecf816dff8a', '["*"]', NULL, NULL, '2024-08-27 02:45:45', '2024-08-27 02:45:45'),
	(85, 'App\\Models\\Usuarios', 6, 'Personal Access Token', '4a6739c54aec6eb99ad9a00aef7ec79ed4bc7e52ae7ca6d8daec45e72c846154', '["*"]', NULL, NULL, '2024-08-27 02:52:17', '2024-08-27 02:52:17'),
	(86, 'App\\Models\\Usuarios', 6, 'Personal Access Token', '96b01d5a500b7ff9a5d16dd13ba7baf9d88b2ec2ebccad21677ee798917d66aa', '["*"]', NULL, NULL, '2024-08-27 03:01:29', '2024-08-27 03:01:29'),
	(87, 'App\\Models\\Usuarios', 7, 'Personal Access Token', '0f4a0f2b9e43ff45a2e07f73cc57d7b6862cd8ccffed89d403761aec3e43c449', '["*"]', NULL, NULL, '2024-08-27 18:29:04', '2024-08-27 18:29:04'),
	(88, 'App\\Models\\Usuarios', 6, 'Personal Access Token', '7c665aa5422b98f83c8904fabc736110337b55650b6a2afaaf480db26f936b41', '["*"]', NULL, NULL, '2024-08-27 18:29:13', '2024-08-27 18:29:13'),
	(89, 'App\\Models\\Usuarios', 6, 'Personal Access Token', '93b1cb9da02eae240f14c3607d3bd91b4cf439993cc0bd4bdaa786d461a8f60a', '["*"]', NULL, NULL, '2024-08-27 18:29:17', '2024-08-27 18:29:17'),
	(90, 'App\\Models\\Usuarios', 2, 'Personal Access Token', '20afc629fba90501827e29127ad22619a43722773b0f23dbfccbe6363f7c4b15', '["*"]', NULL, NULL, '2024-08-27 18:30:52', '2024-08-27 18:30:52'),
	(91, 'App\\Models\\Usuarios', 2, 'Personal Access Token', 'a90e78807f43bab8e54c3ca8af3d328862ce00e6c8537ac2674aed29eb60729e', '["*"]', NULL, NULL, '2024-08-27 18:33:33', '2024-08-27 18:33:33'),
	(92, 'App\\Models\\Usuarios', 8, 'Personal Access Token', '0842f38be2228f7a7cb12ac6643ac3ff949019f0da2f928f5a8a2a390e9430aa', '["*"]', NULL, NULL, '2024-08-27 18:34:29', '2024-08-27 18:34:29'),
	(96, 'App\\Models\\Usuarios', 8, 'Personal Access Token', 'c830117a78bbb0e9f00c4622b88f45082aff458867c9e5a54837ad81a2ae8805', '["*"]', '2024-08-27 18:51:48', NULL, '2024-08-27 18:45:09', '2024-08-27 18:51:48'),
	(98, 'App\\Models\\Usuarios', 10, 'Personal Access Token', '923b1fd28ea2b2ac5d7c778448de00ff7c99bf9e15361d29d868805f9c8e4608', '["*"]', '2024-08-27 19:23:24', NULL, '2024-08-27 19:23:12', '2024-08-27 19:23:24'),
	(99, 'App\\Models\\Usuarios', 2, 'Personal Access Token', '0b7a14ec2e3fccc04506dcbbc3b8de7f7c3aa3e4902f8e93c3a1e40f7e487087', '["*"]', '2024-08-27 19:37:16', NULL, '2024-08-27 19:36:39', '2024-08-27 19:37:16'),
	(108, 'App\\Models\\Usuarios', 11, 'Personal Access Token', 'd74146dfc1cf326f6b3de301cade14687d2cfb0bc9a599bf6e099412b1d7ffe3', '["*"]', '2024-08-28 01:42:07', NULL, '2024-08-28 01:41:57', '2024-08-28 01:42:07'),
	(110, 'App\\Models\\Usuarios', 2, 'Personal Access Token', '66a43ff4a02084bb8a89e974ae5c24b6d133ba9aa5ca5aa25e38ff6f40428dce', '["*"]', '2024-08-28 01:53:37', NULL, '2024-08-28 01:42:28', '2024-08-28 01:53:37'),
	(113, 'App\\Models\\Usuarios', 2, 'Personal Access Token', 'c1ec984a8d957f24c88990ed4a031f708c0e6adb15d8e3d7af38b9c4ebb82605', '["*"]', '2024-08-29 19:48:41', NULL, '2024-08-29 19:21:15', '2024-08-29 19:48:41'),
	(114, 'App\\Models\\Usuarios', 2, 'Personal Access Token', '22fa2469818b97a36820aa2f5dbe123a2909663320a338aa0385db8ef74a2173', '["*"]', '2024-08-29 19:56:19', NULL, '2024-08-29 19:52:23', '2024-08-29 19:56:19'),
	(115, 'App\\Models\\Usuarios', 2, 'Personal Access Token', '154873419929dc4060484a609b0a298e02e247176e9d9ca79e83c605afa3677d', '["*"]', '2024-08-29 19:58:31', NULL, '2024-08-29 19:57:48', '2024-08-29 19:58:31'),
	(116, 'App\\Models\\Usuarios', 2, 'Personal Access Token', '022adad04592f2f8182b4b687eb70cebbd04da1ea25547dcbd451f7dbf4071ad', '["*"]', '2024-08-29 20:00:19', NULL, '2024-08-29 19:58:48', '2024-08-29 20:00:19'),
	(117, 'App\\Models\\Usuarios', 2, 'Personal Access Token', '613fd64806a61e932a458a43291edc1e0e99dc10a91f87155090b0b4646c8aa7', '["*"]', '2024-08-29 20:05:30', NULL, '2024-08-29 20:00:33', '2024-08-29 20:05:30'),
	(118, 'App\\Models\\Usuarios', 2, 'Personal Access Token', '17ef99f19b6f7509a63f0b9b8d4f6af5eca88dd5db2ceebfde8bfba66ba2ad8f', '["*"]', '2024-08-29 20:08:15', NULL, '2024-08-29 20:07:11', '2024-08-29 20:08:15'),
	(122, 'App\\Models\\Usuarios', 2, 'Personal Access Token', 'a9bc6e80f8deeef813e04489eb871c3f0769ea4c691a428457d900d4fd8cabb9', '["*"]', '2024-08-29 22:04:05', NULL, '2024-08-29 22:04:00', '2024-08-29 22:04:05'),
	(123, 'App\\Models\\Usuarios', 2, 'Personal Access Token', '2b687f385c7a055763090da467a67bae605bfa9636bfcaf5d20e1362817116cb', '["*"]', NULL, NULL, '2024-08-29 22:04:01', '2024-08-29 22:04:01'),
	(124, 'App\\Models\\Usuarios', 2, 'Personal Access Token', '0cefa413c9048c44287328768cf186a383c206dd8c626c3ee011fa326ed9fd1e', '["*"]', NULL, NULL, '2024-08-29 22:04:03', '2024-08-29 22:04:03'),
	(125, 'App\\Models\\Usuarios', 2, 'Personal Access Token', '0fff9cc6c7ef462ef5c37392564dafa04f8005965f02d7d5631dd199ed29158c', '["*"]', NULL, NULL, '2024-08-29 22:04:04', '2024-08-29 22:04:04'),
	(126, 'App\\Models\\Usuarios', 2, 'Personal Access Token', '559e8947dbc4548237e6bb99871d9f53ef3231771ab2fb138260bfb1a4e86423', '["*"]', '2024-08-30 00:11:06', NULL, '2024-08-29 22:04:04', '2024-08-30 00:11:06'),
	(127, 'App\\Models\\Usuarios', 2, 'Personal Access Token', '7980b7c06993b29bc04a67a97dc56c0bdf7ad8705dd2fc8fcb4a87b05ce500c3', '["*"]', NULL, NULL, '2024-08-30 00:16:45', '2024-08-30 00:16:45'),
	(131, 'App\\Models\\Usuarios', 2, 'Personal Access Token', 'a8d8bf3c3ce70232a783e029b4bb34dc56e61d4808b36d210ab22f217ac7a29d', '["*"]', '2024-08-30 02:57:34', NULL, '2024-08-30 00:36:40', '2024-08-30 02:57:34'),
	(133, 'App\\Models\\Usuarios', 2, 'Personal Access Token', '7f38ec0fcca57d6f710a32ad9ad9855b44da48b014f6bb7e6a7c4fecc2748865', '["*"]', '2024-09-01 05:56:10', NULL, '2024-09-01 03:55:57', '2024-09-01 05:56:10'),
	(137, 'App\\Models\\Usuarios', 2, 'Personal Access Token', '860584ac7a69b3221b9ed5fa7b1a45eb5abf919fa168cd00208f3721af303229', '["*"]', NULL, NULL, '2024-09-02 19:29:46', '2024-09-02 19:29:46'),
	(138, 'App\\Models\\Usuarios', 2, 'Personal Access Token', 'af68e7650703f254d5a5349c08d7fbad9f86a764f940ad34684e608268ed43ed', '["*"]', '2024-09-02 22:07:50', NULL, '2024-09-02 20:13:45', '2024-09-02 22:07:50'),
	(139, 'App\\Models\\Usuarios', 13, 'Personal Access Token', 'd3471119d3c3539738093e73fadde75ba1d4f574553652f4d0812b44cffbcfa0', '["*"]', '2024-09-02 21:15:16', NULL, '2024-09-02 20:57:17', '2024-09-02 21:15:16'),
	(140, 'App\\Models\\Usuarios', 14, 'Personal Access Token', '93bb8e1abf4065c997421e7256364de7461e91d218eb7ca79a71e0f6ae1ec22c', '["*"]', '2024-09-02 21:29:19', NULL, '2024-09-02 21:27:29', '2024-09-02 21:29:19'),
	(141, 'App\\Models\\Usuarios', 2, 'Personal Access Token', '2b234880adf3a9c524c3b4123ebeed9b0db36d6060e77a4b8859de7161e016a2', '["*"]', '2024-09-03 02:14:57', NULL, '2024-09-03 00:32:02', '2024-09-03 02:14:57'),
	(142, 'App\\Models\\Usuarios', 2, 'Personal Access Token', 'bfcb028b015bdb16cfd2b43093d6bddd2bc70a8bc62b9a4144ab3ddbe3fdb5d7', '["*"]', '2024-09-06 01:00:57', NULL, '2024-09-06 01:00:55', '2024-09-06 01:00:57'),
	(144, 'App\\Models\\Usuarios', 2, 'Personal Access Token', '6e2254a2dfe6a636a3f039ad35d74fefe77b245077b06e4ec5dcdddcf9e0d0f0', '["*"]', '2024-09-06 01:50:57', NULL, '2024-09-06 01:03:09', '2024-09-06 01:50:57'),
	(145, 'App\\Models\\Usuarios', 2, 'Personal Access Token', '52e626e8aaecff16fd7f4fdc555dd49ed71a3a4ad10d9948dbbbc155341966b0', '["*"]', NULL, NULL, '2024-09-06 01:53:09', '2024-09-06 01:53:09'),
	(146, 'App\\Models\\Usuarios', 2, 'Personal Access Token', 'ee76d4d569b67a132eff4ed93764fb34af33ff3602bae64fcfc84e6e9a0c9e40', '["*"]', NULL, NULL, '2024-09-06 01:53:15', '2024-09-06 01:53:15'),
	(147, 'App\\Models\\Usuarios', 2, 'Personal Access Token', 'f045f40212b27d1dcc3c7c21918386f18736153b125eb9066fc5a1bbf3270b4f', '["*"]', NULL, NULL, '2024-09-06 01:53:20', '2024-09-06 01:53:20'),
	(148, 'App\\Models\\Usuarios', 2, 'Personal Access Token', 'f66c8a217ad2134f66468fad672c42e75f41ca47693ad266503e24a936c8d31a', '["*"]', NULL, NULL, '2024-09-06 01:53:24', '2024-09-06 01:53:24'),
	(149, 'App\\Models\\Usuarios', 2, 'Personal Access Token', '5056a0a39052903d694b09eedf6f3d297047899220b1b7b2002474beb885f8fd', '["*"]', NULL, NULL, '2024-09-06 01:55:57', '2024-09-06 01:55:57'),
	(150, 'App\\Models\\Usuarios', 2, 'Personal Access Token', '4ee71c4f5007689fc9cabe6277268ae01e35007b06a806b5306f2fc4e5902c72', '["*"]', NULL, NULL, '2024-09-06 01:56:10', '2024-09-06 01:56:10'),
	(151, 'App\\Models\\Usuarios', 2, 'Personal Access Token', 'a693c348475acc0dee40aaa5b6733d4b6b13b73b1cb807a49eba573cda2db8ff', '["*"]', NULL, NULL, '2024-09-06 01:56:15', '2024-09-06 01:56:15'),
	(152, 'App\\Models\\Usuarios', 2, 'Personal Access Token', '03452944869e95ea35c9baf21f9321d443e5a63e4eb37a50e1dba47393e61bea', '["*"]', '2024-09-06 01:56:36', NULL, '2024-09-06 01:56:35', '2024-09-06 01:56:36'),
	(153, 'App\\Models\\Usuarios', 2, 'Personal Access Token', '5c10fd0e7684ab927635aa2753805f54ce023f2c491175b2638cd63793a7e9d9', '["*"]', '2024-09-07 02:20:33', NULL, '2024-09-07 02:19:07', '2024-09-07 02:20:33'),
	(155, 'App\\Models\\Usuarios', 1, 'Personal Access Token', '189ff1f073c01cba0d1ba5b387b28e67689a5371b69273acd1cfe50c1d5c9bfe', '["*"]', '2024-09-07 02:51:54', NULL, '2024-09-07 02:51:08', '2024-09-07 02:51:54'),
	(156, 'App\\Models\\Usuarios', 1, 'Personal Access Token', 'ed07570a6b5178e23d491ecbdf7f30c0de72348fe3309ea6ad0d834bff4dea70', '["*"]', '2024-09-10 01:38:51', NULL, '2024-09-10 00:22:19', '2024-09-10 01:38:51'),
	(157, 'App\\Models\\Usuarios', 15, 'Personal Access Token', '680c0fb4bb23bd2fe60ed4b13296ecef9fdc590aa0a564dd735655d558492d85', '["*"]', '2024-09-10 01:47:09', NULL, '2024-09-10 01:39:24', '2024-09-10 01:47:09'),
	(158, 'App\\Models\\Usuarios', 15, 'Personal Access Token', 'bb9a35413196406cc37c05c9e47f42ec30d0729eac9097fe6496ccb409de4c36', '["*"]', '2024-09-10 02:21:35', NULL, '2024-09-10 01:57:15', '2024-09-10 02:21:35'),
	(159, 'App\\Models\\Usuarios', 15, 'Personal Access Token', '0f3751a3dd2572a88146b59ffd259dbde08dfd9d9b74c9c1a457620b5a89f8bf', '["*"]', '2024-09-10 02:22:23', NULL, '2024-09-10 02:22:14', '2024-09-10 02:22:23'),
	(160, 'App\\Models\\Usuarios', 15, 'Personal Access Token', '20301980f50e19fc3f524498124c31af86bef14a70a5b835f31a365a478a9a2d', '["*"]', '2024-09-10 02:38:12', NULL, '2024-09-10 02:28:52', '2024-09-10 02:38:12'),
	(161, 'App\\Models\\Usuarios', 15, 'Personal Access Token', '37a9a84c61738e0ba7ff793f3692336a2c056da872af16531c5a6ebbee352dba', '["*"]', '2024-09-10 02:45:25', NULL, '2024-09-10 02:45:11', '2024-09-10 02:45:25'),
	(162, 'App\\Models\\Usuarios', 15, 'Personal Access Token', '50a56cdd03d95f042442886c7000146c4ac17242b9ae79fb0a4d6212ff9f2fe3', '["*"]', '2024-09-12 18:56:45', NULL, '2024-09-12 18:45:16', '2024-09-12 18:56:45'),
	(163, 'App\\Models\\Usuarios', 15, 'Personal Access Token', 'f62f7c455abcefcb35ca77100331757987df51c4cc7d366046ef088ecdd87add', '["*"]', '2024-09-12 19:07:11', NULL, '2024-09-12 19:05:02', '2024-09-12 19:07:11'),
	(164, 'App\\Models\\Usuarios', 1, 'Personal Access Token', 'de8cd4267848da6ea525541fd371e1a06248841e515c97db77f1c7a7294b9d41', '["*"]', '2024-09-12 19:25:06', NULL, '2024-09-12 19:08:54', '2024-09-12 19:25:06'),
	(165, 'App\\Models\\Usuarios', 1, 'Personal Access Token', '4d5eb390cbb5596e5bf66e7afa75600dc0a9349384ca1b2ff5f2eb2248bc7115', '["*"]', '2024-09-12 19:37:56', NULL, '2024-09-12 19:25:49', '2024-09-12 19:37:56'),
	(166, 'App\\Models\\Usuarios', 1, 'Personal Access Token', '8db6af0c20ef392069a7b4de8ca036bfcc2f53c90244fcb4bdf3b940cc04bfb6', '["*"]', NULL, NULL, '2024-09-12 19:41:39', '2024-09-12 19:41:39'),
	(167, 'App\\Models\\Usuarios', 1, 'Personal Access Token', '747535228a1ea2263a36dbd2fa320d0de1330cba3b0ff3204f88b1f62d22e7e3', '["*"]', '2024-09-12 20:12:00', NULL, '2024-09-12 20:04:12', '2024-09-12 20:12:00'),
	(168, 'App\\Models\\Usuarios', 1, 'Personal Access Token', 'f96887571e4f1cb4484fa6fe89332264fbf27d3ae3d2e594c869fe1028b68328', '["*"]', '2024-09-12 20:26:24', NULL, '2024-09-12 20:14:14', '2024-09-12 20:26:24'),
	(169, 'App\\Models\\Usuarios', 1, 'Personal Access Token', 'a5240d612046b965b72d9a9f1f5e49a948b230b6abea7172b8812d5303ce9bf8', '["*"]', '2024-09-12 21:33:53', NULL, '2024-09-12 21:33:24', '2024-09-12 21:33:53'),
	(170, 'App\\Models\\Usuarios', 1, 'Personal Access Token', '80d1a80e789b08f6c677a56d062329e2c7221579cf6b67723048e952b6c0ab1c', '["*"]', '2024-09-12 22:10:01', NULL, '2024-09-12 22:03:48', '2024-09-12 22:10:01'),
	(171, 'App\\Models\\Usuarios', 17, 'Personal Access Token', '358c9dff827aa8b0e194a626f11b7ee08f3ad22df19ae1559c689835c21f36c9', '["*"]', '2024-09-12 22:11:35', NULL, '2024-09-12 22:10:48', '2024-09-12 22:11:35'),
	(172, 'App\\Models\\Usuarios', 1, 'Personal Access Token', '7e021ff6d529af6fabb168043842ab251a473e584af7486e63d725bc1730728d', '["*"]', '2024-09-12 22:33:12', NULL, '2024-09-12 22:31:21', '2024-09-12 22:33:12'),
	(173, 'App\\Models\\Usuarios', 1, 'Personal Access Token', 'ee2b190e7f61ab414a63c1bbeabdb7f34319099ee1176d9708049faca37edfad', '["*"]', '2024-09-13 01:43:10', NULL, '2024-09-13 00:48:47', '2024-09-13 01:43:10'),
	(174, 'App\\Models\\Usuarios', 17, 'Personal Access Token', 'aae7b8313dd62eac9ba17203ac47d89bfffbfdcb4087052c6e1a36ff36944a63', '["*"]', '2024-09-13 01:26:28', NULL, '2024-09-13 00:51:17', '2024-09-13 01:26:28'),
	(175, 'App\\Models\\Usuarios', 1, 'Personal Access Token', '308011f9a58b5f507a178b789bbd2996d179265d0a06d6adc09df5ee83adc0fb', '["*"]', '2024-09-13 01:26:05', NULL, '2024-09-13 00:58:00', '2024-09-13 01:26:05'),
	(176, 'App\\Models\\Usuarios', 1, 'Personal Access Token', '30f5fec8fa64a944f8b00f9f4e9da75499872f6c06fe8ef8a6939c6749631724', '["*"]', '2024-09-13 01:48:26', NULL, '2024-09-13 01:27:02', '2024-09-13 01:48:26'),
	(177, 'App\\Models\\Usuarios', 1, 'Personal Access Token', '3295b3ef08fafdbfab61a3d906256b782cd154c58c8cfec757587a48794fd17d', '["*"]', '2024-09-13 02:09:57', NULL, '2024-09-13 01:48:32', '2024-09-13 02:09:57'),
	(178, 'App\\Models\\Usuarios', 1, 'Personal Access Token', '177c5922750bdb754d5719368763fbd66f2278003074136d4a1028a713a974e3', '["*"]', '2024-09-13 02:12:05', NULL, '2024-09-13 02:10:03', '2024-09-13 02:12:05'),
	(179, 'App\\Models\\Usuarios', 1, 'Personal Access Token', '80076d00fc054f8dc05f1bc4fe76b684800c2eb7a14b3e51207c3049c7bb9a84', '["*"]', '2024-09-13 02:37:37', NULL, '2024-09-13 02:12:10', '2024-09-13 02:37:37'),
	(180, 'App\\Models\\Usuarios', 1, 'Personal Access Token', '75e13d9a141aef91f54a4b90f0bb103c61b9e64ff55f71649c2d513096251dd7', '["*"]', '2024-09-13 02:38:11', NULL, '2024-09-13 02:37:54', '2024-09-13 02:38:11'),
	(181, 'App\\Models\\Usuarios', 1, 'Personal Access Token', 'd6010f4e0d3919c978ed69d9447f8c78b180acaab4314d2b79e61f5e573a3286', '["*"]', '2024-09-13 20:30:47', NULL, '2024-09-13 18:31:24', '2024-09-13 20:30:47'),
	(182, 'App\\Models\\Usuarios', 1, 'Personal Access Token', 'a4637182550a416d66c22a9a9a5b75c1f600098617c16a67aa8dd8eadbb05f7d', '["*"]', NULL, NULL, '2024-09-13 19:23:50', '2024-09-13 19:23:50'),
	(183, 'App\\Models\\Usuarios', 1, 'Personal Access Token', 'c9b7b32b659cb9fec1d622d0fa3588e4f70096715f4d3aabd8f9c8aa2ee4c825', '["*"]', NULL, NULL, '2024-09-13 19:26:54', '2024-09-13 19:26:54'),
	(184, 'App\\Models\\Usuarios', 1, 'Personal Access Token', '7dc6469ef749d7140cdcf22b82652d350161320d7aa3fdb5d08e84c630ff60e5', '["*"]', '2024-09-13 19:30:56', NULL, '2024-09-13 19:30:28', '2024-09-13 19:30:56'),
	(185, 'App\\Models\\Usuarios', 1, 'Personal Access Token', '444e7c2fb68162e4ba2d12e243e1eb9a97f7f8f39e3544a73246bb32bb3e146b', '["*"]', NULL, NULL, '2024-09-13 19:39:14', '2024-09-13 19:39:14'),
	(186, 'App\\Models\\Usuarios', 1, 'Personal Access Token', '5bca17a30a826fb4b03fa9057e97ed75af3d1089a63e4a716516495949fdb44d', '["*"]', NULL, NULL, '2024-09-13 19:41:14', '2024-09-13 19:41:14'),
	(187, 'App\\Models\\Usuarios', 1, 'Personal Access Token', '2c712c955bd5e3fc69a2429360eb416fe7e938aff4f2bbc85a812a895acbf182', '["*"]', '2024-09-13 20:12:49', NULL, '2024-09-13 19:46:10', '2024-09-13 20:12:49'),
	(188, 'App\\Models\\Usuarios', 1, 'Personal Access Token', '73e67cb3cd5edb368d2876b4bc2df4c062fb4e9527a6ad540b7a631b8393ca69', '["*"]', '2024-09-13 20:21:58', NULL, '2024-09-13 20:13:01', '2024-09-13 20:21:58'),
	(189, 'App\\Models\\Usuarios', 1, 'Personal Access Token', 'aeef4ae9793cf6976813872fc58bc1e0c1050a998cfe29da9bfeeccf9a26d4bb', '["*"]', '2024-09-13 20:50:45', NULL, '2024-09-13 20:22:11', '2024-09-13 20:50:45'),
	(191, 'App\\Models\\Usuarios', 1, 'Personal Access Token', '3c985463d54f7b06e570e4b5e440770cdfa80bb2d8af0313dcbc5067bc7c90df', '["*"]', '2024-09-13 22:32:32', NULL, '2024-09-13 21:32:05', '2024-09-13 22:32:32'),
	(192, 'App\\Models\\Usuarios', 1, 'Personal Access Token', '788eb577112eb6fc3bbc833b46bca1ec33bf1a880d536694e4acc1ab9667f156', '["*"]', NULL, NULL, '2024-09-13 21:35:04', '2024-09-13 21:35:04'),
	(193, 'App\\Models\\Usuarios', 1, 'Personal Access Token', 'fb04c32d771c605b2efddf65168898f4ed8ad483062c9b4267781dfd9adde7a2', '["*"]', NULL, NULL, '2024-09-13 21:35:21', '2024-09-13 21:35:21'),
	(194, 'App\\Models\\Usuarios', 1, 'Personal Access Token', '42db53920efcd91a6fee1e9a65b699ab945706e347d04b7de456a6444d61a048', '["*"]', NULL, NULL, '2024-09-13 21:39:41', '2024-09-13 21:39:41'),
	(195, 'App\\Models\\Usuarios', 1, 'Personal Access Token', 'b71e166f5b7081051fbb21069d7c620466d85d8efb6108fef50ef11934aa43b9', '["*"]', NULL, NULL, '2024-09-13 21:39:47', '2024-09-13 21:39:47'),
	(196, 'App\\Models\\Usuarios', 1, 'Personal Access Token', '32cb29bd1bbf98e334756cf578a138753e53ec7b6ec5678c3d2bc76f698a296e', '["*"]', NULL, NULL, '2024-09-13 21:48:38', '2024-09-13 21:48:38'),
	(197, 'App\\Models\\Usuarios', 1, 'Personal Access Token', '308e3891d74cf6b43bf2853fd58ee4b31b1e4f0751b88f146d17c095cd46edfc', '["*"]', NULL, NULL, '2024-09-13 21:49:27', '2024-09-13 21:49:27'),
	(198, 'App\\Models\\Usuarios', 1, 'Personal Access Token', '7744ebe4e9fe794790afcf0a81575e67e5a44ede7041943537b81168a6fb3730', '["*"]', NULL, NULL, '2024-09-13 21:57:06', '2024-09-13 21:57:06'),
	(199, 'App\\Models\\Usuarios', 1, 'Personal Access Token', '53cf9e14e1882b5caf11d41be3eb213ad3e1d09b34e7c429f3fda47e2e22f18e', '["*"]', NULL, NULL, '2024-09-13 21:59:18', '2024-09-13 21:59:18'),
	(200, 'App\\Models\\Usuarios', 1, 'Personal Access Token', '5b0c36f9ee7fe59630a1c1926d76c3e9e40e82d0959125869d1870ef942fdab6', '["*"]', NULL, NULL, '2024-09-13 22:02:01', '2024-09-13 22:02:01'),
	(201, 'App\\Models\\Usuarios', 1, 'Personal Access Token', '8a063f66ed824540560faec3f93db09d73e8746dab18a8a265e60e3b842a9f92', '["*"]', NULL, NULL, '2024-09-13 22:02:09', '2024-09-13 22:02:09'),
	(203, 'App\\Models\\Usuarios', 1, 'Personal Access Token', 'e6304f04a71305ebc8e369f8cf32b0cefd3668a5d645d4eb0e0e0656644ccab9', '["*"]', '2024-09-14 01:21:27', NULL, '2024-09-14 00:33:38', '2024-09-14 01:21:27'),
	(206, 'App\\Models\\Usuarios', 1, 'Personal Access Token', 'bd0758accf79159b1b7f52a76fc2b36834a4deed4ed0c40d98983c94cc3a340b', '["*"]', '2024-09-14 01:19:14', NULL, '2024-09-14 01:10:38', '2024-09-14 01:19:14'),
	(207, 'App\\Models\\Usuarios', 1, 'Personal Access Token', '5077579e433b790fa7bb1e0acf169dd8b89b419be67a740c9f72708b1092331e', '["*"]', '2024-09-14 01:52:10', NULL, '2024-09-14 01:19:26', '2024-09-14 01:52:10'),
	(208, 'App\\Models\\Usuarios', 1, 'Personal Access Token', '0e0f57cd8b9e534e09012bbe194f90b9ffca5cebfa870b88f9656f30cb481e89', '["*"]', '2024-09-14 02:23:48', NULL, '2024-09-14 01:52:22', '2024-09-14 02:23:48'),
	(209, 'App\\Models\\Usuarios', 1, 'Personal Access Token', '760acaa36c5368821e14d55615848d0dfab2f5f7b22d87c5acf543ed7758e298', '["*"]', '2024-09-14 02:24:44', NULL, '2024-09-14 02:12:42', '2024-09-14 02:24:44'),
	(210, 'App\\Models\\Usuarios', 1, 'Personal Access Token', 'd729cc70ef79a97178de6ddc359407fbb484b01f986190dd21a416bd44e768e3', '["*"]', '2024-09-14 02:34:59', NULL, '2024-09-14 02:33:13', '2024-09-14 02:34:59'),
	(211, 'App\\Models\\Usuarios', 1, 'Personal Access Token', 'c716b6aab57d66d2ee7023266144bdc1823b3f921009910b4a3ad6bb0dc2a706', '["*"]', '2024-09-14 02:49:09', NULL, '2024-09-14 02:42:31', '2024-09-14 02:49:09'),
	(212, 'App\\Models\\Usuarios', 1, 'Personal Access Token', 'cf178889bfbe61dd369d7c9160abe4ffdaa6362bde0efcffa4b61d744c6f0cde', '["*"]', '2024-09-14 02:47:53', NULL, '2024-09-14 02:47:12', '2024-09-14 02:47:53'),
	(213, 'App\\Models\\Usuarios', 1, 'Personal Access Token', 'afbf8123b8c5c6cee1d18b42fe0f811f786a50f7362d1f6b5734996f03855157', '["*"]', '2024-09-14 02:48:04', NULL, '2024-09-14 02:47:56', '2024-09-14 02:48:04'),
	(214, 'App\\Models\\Usuarios', 1, 'Personal Access Token', '9c2f1db3cb4d9b4d8615508b397d8bb053bc8df6d9cac88be81f88a7cc498190', '["*"]', NULL, NULL, '2024-09-14 02:48:13', '2024-09-14 02:48:13'),
	(215, 'App\\Models\\Usuarios', 1, 'Personal Access Token', 'd4581c5202120857fd787533b1272276e1140703dbfc342544fa3989a69c5f9a', '["*"]', NULL, NULL, '2024-09-15 09:41:44', '2024-09-15 09:41:44'),
	(216, 'App\\Models\\Usuarios', 1, 'Personal Access Token', '0ea400aae341b281adce2c226a2b9ea4d476aa92a13005ced88d6cb4fb14ba79', '["*"]', '2024-09-15 10:03:55', NULL, '2024-09-15 10:01:00', '2024-09-15 10:03:55'),
	(217, 'App\\Models\\Usuarios', 1, 'Personal Access Token', '849d646fb6c0828ef9389df77e2f5ae3b8485ee3337d17c28880c337ea22640d', '["*"]', '2024-09-15 10:05:57', NULL, '2024-09-15 10:04:05', '2024-09-15 10:05:57'),
	(218, 'App\\Models\\Usuarios', 19, 'Personal Access Token', '79b860d51d391631befb6a52f0dd7b40358924e481090b1582847a3c8209491c', '["*"]', '2024-09-15 10:12:09', NULL, '2024-09-15 10:06:16', '2024-09-15 10:12:09'),
	(219, 'App\\Models\\Usuarios', 1, 'Personal Access Token', '164f4aee749568e7d573510011dfb9c1d121344f2ca307556121a55f5218a2cc', '["*"]', '2024-09-15 10:37:16', NULL, '2024-09-15 10:35:10', '2024-09-15 10:37:16'),
	(220, 'App\\Models\\Usuarios', 1, 'Personal Access Token', '0f792e62a20cdbd3fbeb4d015edb2a6c779d2437f567cbba9bbfcd6fe98a166f', '["*"]', NULL, NULL, '2024-09-15 10:42:54', '2024-09-15 10:42:54'),
	(221, 'App\\Models\\Usuarios', 1, 'Personal Access Token', '08773b32255d7714bce63ab803d7d38254bb20f0e72335b341772f56dd82d174', '["*"]', NULL, NULL, '2024-09-15 10:47:10', '2024-09-15 10:47:10'),
	(222, 'App\\Models\\Usuarios', 1, 'Personal Access Token', '1418acae078e37c575d6233129faec49716a980805cf4e21c62f19f2c9e73d2b', '["*"]', NULL, NULL, '2024-09-15 10:53:22', '2024-09-15 10:53:22'),
	(223, 'App\\Models\\Usuarios', 1, 'Personal Access Token', 'd8ecb3afd3a09e96f4508e7c44d5337c8933faecf702e18e3f8b085570d2c329', '["*"]', NULL, NULL, '2024-09-15 10:55:45', '2024-09-15 10:55:45'),
	(224, 'App\\Models\\Usuarios', 1, 'Personal Access Token', '571bc508e1d7548f340633e288f3461f588961cb86e16ca3d6950729903857a1', '["*"]', '2024-09-15 10:57:28', NULL, '2024-09-15 10:57:27', '2024-09-15 10:57:28'),
	(225, 'App\\Models\\Usuarios', 1, 'Personal Access Token', '5053c8d828f4103f1f76f98430a6bcd6c7126c331d9df0586bbb872fe6d1608f', '["*"]', NULL, NULL, '2024-09-15 10:59:30', '2024-09-15 10:59:30'),
	(226, 'App\\Models\\Usuarios', 1, 'Personal Access Token', '18e0576d556e0f078980f16cb21de9e0c95c53e371e63d2d2d9fe3ae8d8d8f67', '["*"]', NULL, NULL, '2024-09-15 11:01:47', '2024-09-15 11:01:47'),
	(227, 'App\\Models\\Usuarios', 1, 'Personal Access Token', '535959890d6475a05d380dbda94c4d4e0cc7d368cc7fbd45c979b8e68a32a11e', '["*"]', '2024-09-15 11:03:09', NULL, '2024-09-15 11:03:08', '2024-09-15 11:03:09'),
	(228, 'App\\Models\\Usuarios', 1, 'Personal Access Token', 'fa0fd53dae6a109bbc9a62bc70c31f98d760aa2f606d208abec74eed103e7538', '["*"]', NULL, NULL, '2024-09-15 11:04:53', '2024-09-15 11:04:53'),
	(229, 'App\\Models\\Usuarios', 1, 'Personal Access Token', '1c012d770040fc3897e602c6cddf00bac062bee8115f8376916c2e4f52b09ec7', '["*"]', NULL, NULL, '2024-09-15 11:16:37', '2024-09-15 11:16:37'),
	(230, 'App\\Models\\Usuarios', 1, 'Personal Access Token', '1419bfe05846f4eafdeddf1a8bf6d18eea55292e9115a989e424ae8aedb4de51', '["*"]', '2024-09-15 11:56:40', NULL, '2024-09-15 11:18:10', '2024-09-15 11:56:40'),
	(231, 'App\\Models\\Usuarios', 1, 'Personal Access Token', 'd0869067494c774e0e894165e498c5b25b8193e8e9810ff2873c68d4547d538f', '["*"]', '2024-09-15 11:58:16', NULL, '2024-09-15 11:56:51', '2024-09-15 11:58:16'),
	(232, 'App\\Models\\Usuarios', 1, 'Personal Access Token', '2a2f6c0d699a716b3f25eda843dac383a26ff4a73580c49261c275127be417b4', '["*"]', '2024-09-15 12:00:03', NULL, '2024-09-15 11:58:34', '2024-09-15 12:00:03'),
	(233, 'App\\Models\\Usuarios', 1, 'Personal Access Token', '817e977178e1795c504b1a9e38fbaae554e9d3772648b0fdd50e1625f8eef8c4', '["*"]', '2024-09-15 12:00:13', NULL, '2024-09-15 12:00:09', '2024-09-15 12:00:13'),
	(234, 'App\\Models\\Usuarios', 1, 'Personal Access Token', 'e3a06b794dc649a8df72ba858d0f7c14756519c689556ee910b132d6d196ae2a', '["*"]', '2024-09-15 12:00:19', NULL, '2024-09-15 12:00:19', '2024-09-15 12:00:19'),
	(235, 'App\\Models\\Usuarios', 1, 'Personal Access Token', '3b942de3462774b1c1d3d37e7592b1ec957975358e6c4e79f6145fe041babaca', '["*"]', '2024-09-15 12:01:51', NULL, '2024-09-15 12:00:23', '2024-09-15 12:01:51'),
	(236, 'App\\Models\\Usuarios', 1, 'Personal Access Token', 'b31d9d4e3dabeedef24ab98e221a41967c13b4dbe48aeec33249b049141843b2', '["*"]', '2024-09-15 12:02:26', NULL, '2024-09-15 12:01:57', '2024-09-15 12:02:26'),
	(237, 'App\\Models\\Usuarios', 1, 'Personal Access Token', '3bc1d61ed3d2ad670d6aebe40b1c29739d3fbf4b382624e8fa54eb537216c78f', '["*"]', '2024-09-15 12:07:17', NULL, '2024-09-15 12:02:32', '2024-09-15 12:07:17'),
	(238, 'App\\Models\\Usuarios', 1, 'Personal Access Token', 'c95e54beeaeb2309da9f7bcb8703ac498737e5951aef0bc305d5d69df169b81e', '["*"]', '2024-09-15 12:07:34', NULL, '2024-09-15 12:07:28', '2024-09-15 12:07:34'),
	(239, 'App\\Models\\Usuarios', 1, 'Personal Access Token', 'f963259a13cc48fa160b151d5b6a436460ee71e708a5c2727ecb52e9c6bf9730', '["*"]', '2024-09-15 12:08:37', NULL, '2024-09-15 12:07:41', '2024-09-15 12:08:37'),
	(240, 'App\\Models\\Usuarios', 1, 'Personal Access Token', 'f2b72119d73567ea996d295f0b96ca74b0a4340abda343a0872c112fb2d40e3c', '["*"]', '2024-09-15 12:09:12', NULL, '2024-09-15 12:08:42', '2024-09-15 12:09:12'),
	(241, 'App\\Models\\Usuarios', 1, 'Personal Access Token', '3138e5210ab6610b0d789aa22c23084589c68c8a6a7585a9fe717aceadfbd88f', '["*"]', '2024-09-15 12:10:39', NULL, '2024-09-15 12:09:17', '2024-09-15 12:10:39'),
	(242, 'App\\Models\\Usuarios', 1, 'Personal Access Token', 'e31b361810fa48cc440fcf577c219a2022e714f537ec2a72109a2a6a2b49d0e7', '["*"]', '2024-09-15 12:11:39', NULL, '2024-09-15 12:10:44', '2024-09-15 12:11:39'),
	(243, 'App\\Models\\Usuarios', 1, 'Personal Access Token', 'a9101bf81598c2ad002dce2be0fe25818ea6f52993b98ea48c98782937c71cc3', '["*"]', '2024-09-15 12:14:57', NULL, '2024-09-15 12:14:34', '2024-09-15 12:14:57'),
	(244, 'App\\Models\\Usuarios', 1, 'Personal Access Token', 'f13082b3fa1696518c05cacb38e62b3bdf462db7bc4827366d8683c3c5b45f0f', '["*"]', '2024-09-15 14:43:38', NULL, '2024-09-15 12:15:04', '2024-09-15 14:43:38'),
	(245, 'App\\Models\\Usuarios', 1, 'Personal Access Token', '2608677463afa65cbb4fcbdb56bab2507fc0e65ac57544702b88885cf75d93d8', '["*"]', '2024-09-15 15:27:14', NULL, '2024-09-15 14:47:41', '2024-09-15 15:27:14'),
	(246, 'App\\Models\\Usuarios', 1, 'Personal Access Token', '5b67674ac25d32715735cfd68c99a5be2d9485255e3c17bdb85fe6c6e41afbb6', '["*"]', '2024-09-15 15:30:17', NULL, '2024-09-15 15:30:07', '2024-09-15 15:30:17'),
	(247, 'App\\Models\\Usuarios', 1, 'Personal Access Token', '13ad0dd62acfd4eb97e8294af4995652c9d3ea59eba8a6ab5388fb80339d2152', '["*"]', NULL, NULL, '2024-09-15 15:30:25', '2024-09-15 15:30:25'),
	(248, 'App\\Models\\Usuarios', 1, 'Personal Access Token', 'a43ccfd64729990f1a14df4c2018582199eca219996651871b8b597e25209313', '["*"]', '2024-09-15 15:32:01', NULL, '2024-09-15 15:30:27', '2024-09-15 15:32:01'),
	(249, 'App\\Models\\Usuarios', 1, 'Personal Access Token', '81008923cf0410bda7723b2186abc3f14ec030948570418868ec9ecb5de2fd1e', '["*"]', '2024-09-15 15:32:08', NULL, '2024-09-15 15:32:05', '2024-09-15 15:32:08'),
	(250, 'App\\Models\\Usuarios', 1, 'Personal Access Token', '3c9b53c1155d5b3986554b5cf6bf60d5339319c3ca4d309ac4ae53224be409aa', '["*"]', NULL, NULL, '2024-09-15 15:32:07', '2024-09-15 15:32:07'),
	(251, 'App\\Models\\Usuarios', 1, 'Personal Access Token', 'b43b5b3df3e7ea61757c9f76f34093ceae3a71c4042fa35a308133f946849e8d', '["*"]', '2024-09-15 15:32:13', NULL, '2024-09-15 15:32:12', '2024-09-15 15:32:13'),
	(252, 'App\\Models\\Usuarios', 1, 'Personal Access Token', 'e21dbcd31ba62787ec554f93da4f6987fd4f181bedb146a133a85b8ea8345673', '["*"]', '2024-09-15 15:32:23', NULL, '2024-09-15 15:32:22', '2024-09-15 15:32:23'),
	(253, 'App\\Models\\Usuarios', 19, 'Personal Access Token', '8a8daa9da4f28aaf796359d30af335f2ab15ecf2bde4a158828eb0b5574bbf65', '["*"]', '2024-09-15 15:35:31', NULL, '2024-09-15 15:33:33', '2024-09-15 15:35:31'),
	(254, 'App\\Models\\Usuarios', 19, 'Personal Access Token', '5789b13b7fa9a71048f0e0fdf8439762a9328b84a654c78e5bad1dbacf444134', '["*"]', '2024-09-15 15:36:21', NULL, '2024-09-15 15:36:08', '2024-09-15 15:36:21'),
	(255, 'App\\Models\\Usuarios', 19, 'Personal Access Token', '1c0c041181851c61c1794efec28b0b37cee7dc742c0c8c97b8db9d381b08def5', '["*"]', '2024-09-15 15:36:57', NULL, '2024-09-15 15:36:26', '2024-09-15 15:36:57'),
	(256, 'App\\Models\\Usuarios', 19, 'Personal Access Token', '03916eef201f6013b59b69171d96364c9244053aa0117f34083a2b2988c3a144', '["*"]', '2024-09-15 15:37:03', NULL, '2024-09-15 15:37:02', '2024-09-15 15:37:03'),
	(257, 'App\\Models\\Usuarios', 17, 'Personal Access Token', '97f326c4fbfd5821e1f3aa04b9683a9a381d3085db0cbcac3fd986e093be5d16', '["*"]', '2024-09-15 15:40:17', NULL, '2024-09-15 15:37:31', '2024-09-15 15:40:17'),
	(258, 'App\\Models\\Usuarios', 17, 'Personal Access Token', '157834f8cbeb67e6bad2fcba6909f548b78a98b8b71cf81292298ae3dc4040be', '["*"]', '2024-09-15 15:40:34', NULL, '2024-09-15 15:40:27', '2024-09-15 15:40:34'),
	(259, 'App\\Models\\Usuarios', 19, 'Personal Access Token', 'a43d378e4e6fc904d5b83b71335ed4125bdc37ac76855b7536515f2fe7c059b4', '["*"]', '2024-09-15 15:41:37', NULL, '2024-09-15 15:40:47', '2024-09-15 15:41:37'),
	(260, 'App\\Models\\Usuarios', 19, 'Personal Access Token', '78566ef063d686be1889b9dac6ad847227344e7d87d31d7087f2192314ae8df5', '["*"]', '2024-09-15 15:45:05', NULL, '2024-09-15 15:45:04', '2024-09-15 15:45:05'),
	(262, 'App\\Models\\Usuarios', 19, 'Personal Access Token', '826b8fdfcb7f3ef2d548b5006a40f3bf0122e3981521af3d36eb0e76e282d98d', '["*"]', '2024-09-15 15:49:46', NULL, '2024-09-15 15:49:45', '2024-09-15 15:49:46'),
	(263, 'App\\Models\\Usuarios', 19, 'Personal Access Token', '0fa38163d04c51744f76c8d0369145bb1a030d4e469d45001b83995417bd77d5', '["*"]', '2024-09-15 15:57:40', NULL, '2024-09-15 15:57:11', '2024-09-15 15:57:40'),
	(264, 'App\\Models\\Usuarios', 19, 'Personal Access Token', '6bfab9fff2a07786063c7ea165812b3f3d0c9cce315e046b65dbcfa67bd2f7c1', '["*"]', '2024-09-15 15:58:19', NULL, '2024-09-15 15:58:18', '2024-09-15 15:58:19'),
	(265, 'App\\Models\\Usuarios', 1, 'Personal Access Token', 'b939dc221b1e5ab14d34a662a52c51e38e97b69ceef1910386010b5846bace8f', '["*"]', '2024-09-15 16:01:48', NULL, '2024-09-15 15:58:37', '2024-09-15 16:01:48'),
	(266, 'App\\Models\\Usuarios', 19, 'Personal Access Token', '1ed290a766603847e59bb5c173f4d34e7008428f1c44c9d7a4457a496ef4b504', '["*"]', '2024-09-15 16:04:07', NULL, '2024-09-15 16:01:56', '2024-09-15 16:04:07'),
	(267, 'App\\Models\\Usuarios', 19, 'Personal Access Token', 'a633ad03bf3f62577d8f5387d766a1887884146b4855b5b6850a348effb79d56', '["*"]', '2024-09-15 16:05:08', NULL, '2024-09-15 16:05:07', '2024-09-15 16:05:08'),
	(268, 'App\\Models\\Usuarios', 19, 'Personal Access Token', '09e9fc72d0381dfa2ba8eb647dd240c2b8239d854eaf758316bd683aa2243076', '["*"]', '2024-09-15 16:05:17', NULL, '2024-09-15 16:05:13', '2024-09-15 16:05:17'),
	(269, 'App\\Models\\Usuarios', 1, 'Personal Access Token', '502cdd2b613b4d8e391772778ed0cab1f472c12c3ac885accfe348f18a97fad2', '["*"]', '2024-09-15 16:05:33', NULL, '2024-09-15 16:05:27', '2024-09-15 16:05:33'),
	(270, 'App\\Models\\Usuarios', 1, 'Personal Access Token', '2eebcaad68d2803e4b0e25c94ef43f4368de34ee81d4f2037862159b8a099ea6', '["*"]', '2024-09-15 22:51:37', NULL, '2024-09-15 22:51:14', '2024-09-15 22:51:37'),
	(271, 'App\\Models\\Usuarios', 1, 'Personal Access Token', '16327f9454a283b2c218a529842aaadba08fc9959a1cd2dc1410d9f1a64fbb70', '["*"]', '2024-09-15 22:57:17', NULL, '2024-09-15 22:52:30', '2024-09-15 22:57:17'),
	(272, 'App\\Models\\Usuarios', 19, 'Personal Access Token', '1dcdd480999ced64c012c76ddd69b28d8e773dcc45d9b3e3e5ec3a5176f8a827', '["*"]', '2024-09-15 22:58:20', NULL, '2024-09-15 22:57:37', '2024-09-15 22:58:20'),
	(273, 'App\\Models\\Usuarios', 19, 'Personal Access Token', '69a58acc8cb4c55e2bdf6b7ee4c7f3d19d32c0708106a791fb22853698447bce', '["*"]', '2024-09-15 22:58:37', NULL, '2024-09-15 22:58:31', '2024-09-15 22:58:37'),
	(274, 'App\\Models\\Usuarios', 19, 'Personal Access Token', '3464b0e9405a267c18b8a1681fc9347a60c557bf4751681a8d6ed69bfbd3c24b', '["*"]', '2024-09-15 23:00:13', NULL, '2024-09-15 22:58:46', '2024-09-15 23:00:13'),
	(275, 'App\\Models\\Usuarios', 19, 'Personal Access Token', 'ca858a37fea483df689f58efb9e3346065229cf0abfee3fa320b52ce6a79c1f3', '["*"]', '2024-09-15 23:03:11', NULL, '2024-09-15 23:00:29', '2024-09-15 23:03:11'),
	(276, 'App\\Models\\Usuarios', 19, 'Personal Access Token', '361289100d7694c3f36f7d5e7e967289a20168fa5d45ec159d8d7f3fe3010c9c', '["*"]', '2024-09-15 23:09:19', NULL, '2024-09-15 23:03:16', '2024-09-15 23:09:19'),
	(277, 'App\\Models\\Usuarios', 17, 'Personal Access Token', '457cf58c3bab5829cf9afe3a260c08de2f9d026cfac94003fbfc8a7058b0d7c1', '["*"]', '2024-09-15 23:09:50', NULL, '2024-09-15 23:09:26', '2024-09-15 23:09:50'),
	(278, 'App\\Models\\Usuarios', 19, 'Personal Access Token', '10d48250698d855a37e9c1915e8581fa8f6e2e05f16fa8510da0b203211b1f26', '["*"]', '2024-09-15 23:15:36', NULL, '2024-09-15 23:10:36', '2024-09-15 23:15:36'),
	(279, 'App\\Models\\Usuarios', 19, 'Personal Access Token', 'a7c8333c71b90dd6742e661792df072c3fb55d93a911cda59ff21f1351ec0d5a', '["*"]', '2024-09-15 23:19:30', NULL, '2024-09-15 23:19:29', '2024-09-15 23:19:30'),
	(280, 'App\\Models\\Usuarios', 17, 'Personal Access Token', '3d1fd28600b4accffb7979cbde9c194197c8337e0ea176c7efa6a5bedde8c2ea', '["*"]', '2024-09-15 23:19:42', NULL, '2024-09-15 23:19:40', '2024-09-15 23:19:42'),
	(281, 'App\\Models\\Usuarios', 17, 'Personal Access Token', '6e8d74b0ba4dc26002144f2a8b08cd4dc3631b831be85573b89246788dd9ddce', '["*"]', NULL, NULL, '2024-09-15 23:20:24', '2024-09-15 23:20:24'),
	(282, 'App\\Models\\Usuarios', 17, 'Personal Access Token', '7104fdcae37fb075d258e19cfa2900f4bd8d579b9da51834459a8a9ef62d7009', '["*"]', NULL, NULL, '2024-09-15 23:20:30', '2024-09-15 23:20:30'),
	(283, 'App\\Models\\Usuarios', 17, 'Personal Access Token', '50f542327404d0c42db857ab75a91e86f26bab26d9bbc53fb8c53403b85d9cc0', '["*"]', NULL, NULL, '2024-09-15 23:20:32', '2024-09-15 23:20:32'),
	(284, 'App\\Models\\Usuarios', 17, 'Personal Access Token', '68b4cca9ba9bb5c8fa5338162c583c2463b6e1a09f981dd13371413bb8bca74f', '["*"]', NULL, NULL, '2024-09-15 23:20:43', '2024-09-15 23:20:43'),
	(285, 'App\\Models\\Usuarios', 17, 'Personal Access Token', 'f84e9cbb88f15cb40e8db2f18fecc3c1bd10a602113ac9cfef376a0725eacea8', '["*"]', '2024-09-15 23:20:59', NULL, '2024-09-15 23:20:58', '2024-09-15 23:20:59'),
	(286, 'App\\Models\\Usuarios', 17, 'Personal Access Token', 'd6c93a024bafa111ac7b3ec56264a79d8f9d6518eaf98776c822462404f1cd82', '["*"]', '2024-09-15 23:26:50', NULL, '2024-09-15 23:21:39', '2024-09-15 23:26:50'),
	(287, 'App\\Models\\Usuarios', 1, 'Personal Access Token', 'af1b3abcebe74d930fbc033ba9860aba117bd9a363bb2ce5e1c703700475dda6', '["*"]', NULL, NULL, '2024-09-15 23:24:31', '2024-09-15 23:24:31'),
	(288, 'App\\Models\\Usuarios', 17, 'Personal Access Token', 'a99e8a8746c0631be97a5b78232ed9ba84e6f9ddabaff3dc6377a20138d3ad47', '["*"]', '2024-09-15 23:26:24', NULL, '2024-09-15 23:24:58', '2024-09-15 23:26:24'),
	(289, 'App\\Models\\Usuarios', 1, 'Personal Access Token', 'ed5a261c405ac97564e022f16ee7cd4ed9ae76fb9763d554474db92e872596d7', '["*"]', '2024-09-15 23:39:13', NULL, '2024-09-15 23:34:36', '2024-09-15 23:39:13'),
	(290, 'App\\Models\\Usuarios', 17, 'Personal Access Token', '3ec7f2074fedf34b4b7db9fcd46d2b7b36d336e44b4a2caf15cb86da68657179', '["*"]', '2024-09-15 23:41:33', NULL, '2024-09-15 23:41:32', '2024-09-15 23:41:33'),
	(291, 'App\\Models\\Usuarios', 1, 'Personal Access Token', '8c0e0edfdc204a4f72ad2629aea4ea2ce0a18a8635e07eefb4da16ceee18a843', '["*"]', '2024-09-16 00:36:22', NULL, '2024-09-15 23:41:44', '2024-09-16 00:36:22'),
	(292, 'App\\Models\\Usuarios', 1, 'Personal Access Token', 'fdb4e4bd9e5050ebbcd188d46a03723ddb34d7ad758d6faf7cb95cb10ce069b0', '["*"]', '2024-09-16 01:19:41', NULL, '2024-09-16 00:33:59', '2024-09-16 01:19:41'),
	(293, 'App\\Models\\Usuarios', 1, 'Personal Access Token', 'afc1a716e435c0468c539cc591ef3bedbd440a0e8fe3ad271e3e21471586fd4b', '["*"]', '2024-09-16 00:36:42', NULL, '2024-09-16 00:36:30', '2024-09-16 00:36:42'),
	(294, 'App\\Models\\Usuarios', 1, 'Personal Access Token', 'e5d6f4dd5f487dfb2169919b613884d996108b06aa0bfc2b8e94bd416832ccf1', '["*"]', '2024-09-16 00:39:03', NULL, '2024-09-16 00:37:14', '2024-09-16 00:39:03'),
	(295, 'App\\Models\\Usuarios', 1, 'Personal Access Token', 'eec9a910f37cc104889d68486b97560271bf7876a3f46af1425d2ca5ece23d2d', '["*"]', '2024-09-16 00:40:50', NULL, '2024-09-16 00:40:32', '2024-09-16 00:40:50'),
	(296, 'App\\Models\\Usuarios', 1, 'Personal Access Token', '383c5926bd74ddec4f3731020e68b917dd3d2e189060aa6733f0592562853b30', '["*"]', '2024-09-16 03:13:49', NULL, '2024-09-16 00:45:43', '2024-09-16 03:13:49'),
	(297, 'App\\Models\\Usuarios', 1, 'Personal Access Token', 'b918a338f2f8f02b89eef176a725a8a2521a92a51693c03f6e98198ac6864bda', '["*"]', '2024-09-16 03:16:32', NULL, '2024-09-16 03:16:29', '2024-09-16 03:16:32'),
	(298, 'App\\Models\\Usuarios', 1, 'Personal Access Token', '16d9ae1b1b0bb7933e7c188b1e384fdfcf7a399e36aa9072e463caa07f2b0ff4', '["*"]', '2024-09-16 03:16:51', NULL, '2024-09-16 03:16:31', '2024-09-16 03:16:51'),
	(299, 'App\\Models\\Usuarios', 1, 'Personal Access Token', '8b8cc713b9450db5309edee48c893ef04cbda789899a58ce172eeb83f86780ea', '["*"]', '2024-09-16 03:17:06', NULL, '2024-09-16 03:17:04', '2024-09-16 03:17:06'),
	(300, 'App\\Models\\Usuarios', 1, 'Personal Access Token', '5aab2cc674251ffc70de3390a05bc3bee33ead1736877486f8065bfa2d6e2bf7', '["*"]', '2024-09-16 03:17:10', NULL, '2024-09-16 03:17:05', '2024-09-16 03:17:10'),
	(301, 'App\\Models\\Usuarios', 1, 'Personal Access Token', '51b02d3ff7c9e859ff751008eb1ccc9cf8ed6a5f7103db2fe543f46e83e42bfd', '["*"]', '2024-09-16 03:17:33', NULL, '2024-09-16 03:17:24', '2024-09-16 03:17:33'),
	(302, 'App\\Models\\Usuarios', 1, 'Personal Access Token', '677c139c8bf3ae8af0c4547dc461d4f40b4f5e8539e62cd5dcc184931eb72ead', '["*"]', '2024-09-16 05:40:48', NULL, '2024-09-16 03:18:06', '2024-09-16 05:40:48'),
	(303, 'App\\Models\\Usuarios', 1, 'Personal Access Token', '8808afcaa9d46af05ce3c7759e8f9e26aab40ae430614e0dccb6eefb7c18b323', '["*"]', '2024-09-16 03:45:08', NULL, '2024-09-16 03:32:59', '2024-09-16 03:45:08'),
	(304, 'App\\Models\\Usuarios', 1, 'Personal Access Token', 'f121257570c28b35f92745352f1977287cafcc85c59cb2ff76a03cf7280c13d0', '["*"]', '2024-09-16 05:44:31', NULL, '2024-09-16 05:18:42', '2024-09-16 05:44:31'),
	(305, 'App\\Models\\Usuarios', 1, 'Personal Access Token', '5151afa88db14e4397332e44ce71729a150bd97583c1f39cf755946bb30670f7', '["*"]', '2024-09-16 05:50:48', NULL, '2024-09-16 05:49:21', '2024-09-16 05:50:48'),
	(306, 'App\\Models\\Usuarios', 1, 'Personal Access Token', '0328e4cae3df51f59ea33e1611a787fbde743f622da21e1cd79d09494188bfe1', '["*"]', '2024-09-16 05:55:19', NULL, '2024-09-16 05:52:06', '2024-09-16 05:55:19'),
	(307, 'App\\Models\\Usuarios', 1, 'Personal Access Token', '792ef62347e7bba7e15a73d21ddd83d5b161fbc1484b69bf014e08359f9a7211', '["*"]', '2024-09-16 06:21:56', NULL, '2024-09-16 05:55:36', '2024-09-16 06:21:56'),
	(308, 'App\\Models\\Usuarios', 1, 'Personal Access Token', '74a2f96ab6b1e1693a10158d9f305ab3a3e28578cbf80a3038a28f4626aabda8', '["*"]', '2024-09-16 06:30:30', NULL, '2024-09-16 06:23:01', '2024-09-16 06:30:30'),
	(309, 'App\\Models\\Usuarios', 1, 'Personal Access Token', '9d0b42bfdf8ead6731c012946af2e1937d5f5ce55578203a62501e1b2a92dd87', '["*"]', '2024-09-16 06:57:15', NULL, '2024-09-16 06:31:13', '2024-09-16 06:57:15'),
	(310, 'App\\Models\\Usuarios', 1, 'Personal Access Token', '7ea5e85b494ea35ae9a8c63806b5e39c4b9cbd984e1fe48438d71db87625f89c', '["*"]', '2024-09-16 06:57:45', NULL, '2024-09-16 06:57:25', '2024-09-16 06:57:45'),
	(311, 'App\\Models\\Usuarios', 1, 'Personal Access Token', '3ca2cb70528741b5f4e39e95bc7d932e30e39fc364c1c761945ddd471913d2df', '["*"]', '2024-09-16 07:00:49', NULL, '2024-09-16 07:00:26', '2024-09-16 07:00:49'),
	(312, 'App\\Models\\Usuarios', 1, 'Personal Access Token', '7dea94b2cf80b450a2f137e19c637461105ea3b3e85a6d6a6c5be5862eddb4f7', '["*"]', '2024-09-16 07:05:13', NULL, '2024-09-16 07:04:51', '2024-09-16 07:05:13'),
	(313, 'App\\Models\\Usuarios', 1, 'Personal Access Token', 'be2e0687efecda58cd6dcee7286535e6c0df145a2c34e97743e1dca8cac2f16c', '["*"]', '2024-09-16 07:25:31', NULL, '2024-09-16 07:05:25', '2024-09-16 07:25:31'),
	(314, 'App\\Models\\Usuarios', 1, 'Personal Access Token', '5358dca7d8fec20604c78381406d530869fdf30c23687c0838b12e2611742b66', '["*"]', '2024-09-16 07:28:22', NULL, '2024-09-16 07:26:46', '2024-09-16 07:28:22'),
	(315, 'App\\Models\\Usuarios', 1, 'Personal Access Token', '653625893a3b34c86741ea80d07a180cf87aa94dd88f6d67b6fc1640a9719dd9', '["*"]', '2024-09-16 07:32:31', NULL, '2024-09-16 07:32:10', '2024-09-16 07:32:31'),
	(316, 'App\\Models\\Usuarios', 1, 'Personal Access Token', '7ecb24d84465aaaa75f9d8e05e5864a7fda9fe55c463b55a69c36e132c66f671', '["*"]', '2024-09-16 07:34:52', NULL, '2024-09-16 07:34:18', '2024-09-16 07:34:52'),
	(317, 'App\\Models\\Usuarios', 1, 'Personal Access Token', 'a242abe1c07e19cb180de5b75fc9e1372499e9ec73813f89a9052176fa176376', '["*"]', '2024-09-16 07:38:28', NULL, '2024-09-16 07:37:56', '2024-09-16 07:38:28'),
	(318, 'App\\Models\\Usuarios', 1, 'Personal Access Token', 'c18e2e72de5390f9439936d3d6785134717ea4c9809f8ecf020afa4b3735ceaf', '["*"]', '2024-09-16 08:59:59', NULL, '2024-09-16 07:41:49', '2024-09-16 08:59:59'),
	(319, 'App\\Models\\Usuarios', 17, 'Personal Access Token', '7144c24b832c772838546497d33152a1b3bc40360d1dcca75ac116a7374919fd', '["*"]', '2024-09-16 09:00:56', NULL, '2024-09-16 09:00:49', '2024-09-16 09:00:56'),
	(320, 'App\\Models\\Usuarios', 19, 'Personal Access Token', '1bebf7af56ea9f23cb11871a3a187e42b43387c4bb7862951e3d226f65d637ec', '["*"]', '2024-09-16 09:01:40', NULL, '2024-09-16 09:01:34', '2024-09-16 09:01:40'),
	(321, 'App\\Models\\Usuarios', 1, 'Personal Access Token', '9ac11c757b092505ff7f80e8e199980b1293590822f8dcdc0a1a943e46503deb', '["*"]', '2024-09-16 18:23:45', NULL, '2024-09-16 18:22:34', '2024-09-16 18:23:45'),
	(322, 'App\\Models\\Usuarios', 1, 'Personal Access Token', 'b4eddba031c394a387e2590c39fe9e7617020dafc20e1695a4dff8bc08138866', '["*"]', '2024-09-16 18:26:05', NULL, '2024-09-16 18:25:43', '2024-09-16 18:26:05'),
	(323, 'App\\Models\\Usuarios', 1, 'Personal Access Token', 'a07273a76e21389216968f1bff46e2fa4436e5d127fe915cb70931c9c3dc058f', '["*"]', '2024-09-16 18:27:17', NULL, '2024-09-16 18:26:12', '2024-09-16 18:27:17'),
	(324, 'App\\Models\\Usuarios', 1, 'Personal Access Token', 'a10fcbce8478631473363475f028730e376ed35294881cd344f7efa8588a6c1d', '["*"]', '2024-09-16 18:33:21', NULL, '2024-09-16 18:27:34', '2024-09-16 18:33:21'),
	(325, 'App\\Models\\Usuarios', 1, 'Personal Access Token', '2904fbf67ee7c81194783e835c1d3ecab5061dd269a47847f1c8017e54e43862', '["*"]', '2024-09-16 19:53:15', NULL, '2024-09-16 18:28:51', '2024-09-16 19:53:15'),
	(326, 'App\\Models\\Usuarios', 1, 'Personal Access Token', 'f39c943319dd3adce92bfd4bdccfd43331dbfefc2e559d8629f907c617e16599', '["*"]', '2024-09-16 18:35:13', NULL, '2024-09-16 18:35:08', '2024-09-16 18:35:13'),
	(332, 'App\\Models\\Usuarios', 1, 'Personal Access Token', 'b04f0e595ee182bb4ee745485745dcd22c6cb6fcaebf77b7582b57883be17b55', '["*"]', '2024-09-16 21:19:29', NULL, '2024-09-16 19:46:33', '2024-09-16 21:19:29'),
	(333, 'App\\Models\\Usuarios', 1, 'Personal Access Token', 'bf092608ac53fc15540927f3de755463f0d24fc9e5a3a31382e161621c8e837d', '["*"]', '2024-09-16 21:24:37', NULL, '2024-09-16 21:19:42', '2024-09-16 21:24:37'),
	(334, 'App\\Models\\Usuarios', 1, 'Personal Access Token', 'd860a5f275311ae667bf0d37b701197e5ce7abb0a2264e30174bd62b2c541acb', '["*"]', '2024-09-16 22:28:14', NULL, '2024-09-16 21:23:33', '2024-09-16 22:28:14'),
	(335, 'App\\Models\\Usuarios', 1, 'Personal Access Token', '2fd928e82dcbfca77d7a28e2703670fb1a6d3b59dad07cfa1ea56f47022ee131', '["*"]', '2024-09-16 21:46:26', NULL, '2024-09-16 21:25:13', '2024-09-16 21:46:26'),
	(336, 'App\\Models\\Usuarios', 1, 'Personal Access Token', 'dc283d0f0b68d2f0a5333c3fec90b13c89037be37ed0b58e1fa032e976cb5df5', '["*"]', '2024-09-16 21:48:46', NULL, '2024-09-16 21:48:23', '2024-09-16 21:48:46'),
	(337, 'App\\Models\\Usuarios', 1, 'Personal Access Token', '91028c7bd8501b00a17a32d0043636d0969a496d9c32e61c69e23a3a9931ab1f', '["*"]', '2024-09-17 00:17:27', NULL, '2024-09-16 21:48:53', '2024-09-17 00:17:27'),
	(350, 'App\\Models\\Usuarios', 30, 'Personal Access Token', '280f169785cb793bc00da75cc0938c8bcea0d2dd646b136cbda1c0c2f01c82a1', '["*"]', '2024-09-17 02:56:54', NULL, '2024-09-17 00:36:39', '2024-09-17 02:56:54'),
	(363, 'App\\Models\\Usuarios', 30, 'Personal Access Token', '02b7b0a264cd12003481c555992e42c1f719c3115aeb74c6c75e79fbc832d1aa', '["*"]', '2024-09-17 20:50:17', NULL, '2024-09-17 20:50:15', '2024-09-17 20:50:17'),
	(394, 'App\\Models\\Usuarios', 1, 'Personal Access Token', 'caa0fdca759cc696542f29b7f7bfe8cbc54518b200529f0f7e09cda535310fd8', '["*"]', '2024-09-18 07:46:29', NULL, '2024-09-18 07:46:19', '2024-09-18 07:46:29'),
	(395, 'App\\Models\\Usuarios', 1, 'Personal Access Token', '1888e79a786a083a91b6ef60df95e6579556abee73a976cbc3d81e55ca7c08dc', '["*"]', NULL, NULL, '2024-09-18 07:46:21', '2024-09-18 07:46:21'),
	(396, 'App\\Models\\Usuarios', 1, 'Personal Access Token', 'b44088afe8757b55fdd2e1c7fca5c0d0ec8a2da7e39e9e16e6b6621bf32a75a4', '["*"]', NULL, NULL, '2024-09-18 07:46:24', '2024-09-18 07:46:24'),
	(397, 'App\\Models\\Usuarios', 1, 'Personal Access Token', '8673cc4e44b0ab52e5aeac9b1fa9b44fece92f080bbbcb2b78531e1bf098cffa', '["*"]', NULL, NULL, '2024-09-18 07:46:24', '2024-09-18 07:46:24'),
	(398, 'App\\Models\\Usuarios', 1, 'Personal Access Token', 'b1049d0f7b4d737c4cb9eea02c7b5ca6aba9e477ea92cfdf398f926d056cc06f', '["*"]', NULL, NULL, '2024-09-18 07:46:25', '2024-09-18 07:46:25'),
	(399, 'App\\Models\\Usuarios', 1, 'Personal Access Token', '445f6da0cfa12c9564da34f647c6dfd4a2bbbbc95b9124710e1a32868f5c4daf', '["*"]', NULL, NULL, '2024-09-18 07:46:26', '2024-09-18 07:46:26'),
	(400, 'App\\Models\\Usuarios', 1, 'Personal Access Token', '44b9f464d24d275ed90e4b6b4a164575f5db878e59647c5c8d04d129378e2cf2', '["*"]', NULL, NULL, '2024-09-18 07:46:27', '2024-09-18 07:46:27'),
	(413, 'App\\Models\\Usuarios', 1, 'Personal Access Token', '78e24d0417ac24cd353ba0a0f907eddd1e75251f4ad81068e66991bdc74e2f11', '["*"]', '2024-09-18 09:41:23', NULL, '2024-09-18 08:10:35', '2024-09-18 09:41:23'),
	(414, 'App\\Models\\Usuarios', 1, 'Personal Access Token', '678ab24277f207f75ccb59e78d8c8fc27e8ea37701fb3ca214567739f816e7de', '["*"]', '2024-09-18 09:56:08', NULL, '2024-09-18 09:43:45', '2024-09-18 09:56:08'),
	(416, 'App\\Models\\Usuarios', 1, 'Personal Access Token', '0ef5326ad15b3aaf68ef5792cb50a52202d249f2d7cf7810374c3007fc010895', '["*"]', '2024-09-18 10:24:33', NULL, '2024-09-18 10:23:59', '2024-09-18 10:24:33'),
	(417, 'App\\Models\\Usuarios', 1, 'Personal Access Token', 'b8ceafebb7928e96247099d0def5c7953748a2933eb8ac134741eaf012faed80', '["*"]', '2024-09-18 18:19:17', NULL, '2024-09-18 18:19:14', '2024-09-18 18:19:17'),
	(436, 'App\\Models\\Usuarios', 1, 'Personal Access Token', '4e020263c09c4f5a4455fecb508debc85bb6f22740b35e8fb0efad2e90770ed5', '["*"]', '2024-09-18 20:41:23', NULL, '2024-09-18 20:22:53', '2024-09-18 20:41:23'),
	(456, 'App\\Models\\Usuarios', 35, 'Personal Access Token', '2c5257d1765b5eb0f5b195fc186c297b02f9d06a1bfff71c167fce73790ac6e2', '["*"]', '2024-09-18 21:38:16', NULL, '2024-09-18 21:38:14', '2024-09-18 21:38:16'),
	(458, 'App\\Models\\Usuarios', 19, 'Personal Access Token', 'b8e8889d6b2a7e1fc65ae861fcb56a9f641342be552cd02bef02da7d1a85c760', '["*"]', '2024-09-18 21:38:50', NULL, '2024-09-18 21:38:30', '2024-09-18 21:38:50'),
	(459, 'App\\Models\\Usuarios', 1, 'Personal Access Token', 'c15f4384fe298220df66b46f4772b85ea75ad05ce8f3c36bb7217cdc6f1a9dc1', '["*"]', '2024-09-19 00:21:12', NULL, '2024-09-19 00:21:11', '2024-09-19 00:21:12'),
	(460, 'App\\Models\\Usuarios', 19, 'Personal Access Token', '3e84431a03b76005adb7e3c55f2b7069b47c399db8bb4afac4d346835f086486', '["*"]', '2024-09-19 00:24:51', NULL, '2024-09-19 00:21:38', '2024-09-19 00:24:51'),
	(461, 'App\\Models\\Usuarios', 1, 'Personal Access Token', '7f724366235ab551e7bb0cf11d568fc2836dc5f9e9082bbb5d1848c89c864679', '["*"]', '2024-09-19 00:25:43', NULL, '2024-09-19 00:25:41', '2024-09-19 00:25:43'),
	(462, 'App\\Models\\Usuarios', 1, 'Personal Access Token', 'd0fa979ff754b3aa2e82cac1bf48c7b6ba6030c1f4f0465599b265791ff32527', '["*"]', '2024-09-19 00:33:35', NULL, '2024-09-19 00:33:31', '2024-09-19 00:33:35'),
	(463, 'App\\Models\\Usuarios', 1, 'Personal Access Token', 'eaa606e9474fabc8bc9846ebcc0918a229ea7dd93b2af6dbef43596b1a3a47f2', '["*"]', '2024-09-19 00:33:58', NULL, '2024-09-19 00:33:56', '2024-09-19 00:33:58'),
	(464, 'App\\Models\\Usuarios', 19, 'Personal Access Token', 'd765eb8bb15843b81f84163b49ebb4d10082ba0d9acd1ee5e2c28c2b14799f9b', '["*"]', '2024-09-19 00:35:08', NULL, '2024-09-19 00:35:07', '2024-09-19 00:35:08'),
	(465, 'App\\Models\\Usuarios', 19, 'Personal Access Token', '77104e620cc2b17d4cbcbce8a8de9d13409b81bc4d254e8519154838ae818f76', '["*"]', '2024-09-19 00:35:45', NULL, '2024-09-19 00:35:40', '2024-09-19 00:35:45'),
	(466, 'App\\Models\\Usuarios', 1, 'Personal Access Token', 'bb7b0543699bc174e304ecea240092b2db07cc8c61af9f223b0a93eb6d0e560d', '["*"]', '2024-09-19 00:35:59', NULL, '2024-09-19 00:35:58', '2024-09-19 00:35:59'),
	(467, 'App\\Models\\Usuarios', 1, 'Personal Access Token', '95c2fb4b6a71f49c7bcd16c5d017dc877cae375a48b9517030b93fa045e2ae79', '["*"]', '2024-09-19 00:36:25', NULL, '2024-09-19 00:36:24', '2024-09-19 00:36:25'),
	(470, 'App\\Models\\Usuarios', 1, 'Personal Access Token', 'bfd6f7fdf26dac7c86149a1ebc60a3b7129784b605050333c9b94958392cf981', '["*"]', '2024-09-19 00:46:58', NULL, '2024-09-19 00:46:53', '2024-09-19 00:46:58'),
	(471, 'App\\Models\\Usuarios', 1, 'Personal Access Token', 'be6905b4b82b3ce0b925a4af988adeb9c7d2d4be0d25abbf1d4fd4e715e960ab', '["*"]', '2024-09-19 00:47:52', NULL, '2024-09-19 00:47:50', '2024-09-19 00:47:52'),
	(472, 'App\\Models\\Usuarios', 19, 'Personal Access Token', 'd05514d27e39020be66dc2af84504f6791861fad5572d63ab50e871d89481cdd', '["*"]', '2024-09-19 00:48:09', NULL, '2024-09-19 00:48:08', '2024-09-19 00:48:09'),
	(473, 'App\\Models\\Usuarios', 19, 'Personal Access Token', 'd446a83a3d420072c5a92966d63fab4a8873ea094ce56bd3209fe2dc502b4e19', '["*"]', '2024-09-19 00:48:50', NULL, '2024-09-19 00:48:45', '2024-09-19 00:48:50'),
	(474, 'App\\Models\\Usuarios', 1, 'Personal Access Token', 'd6b6ca758b562bcf25588a2d86cce13940a92faec46abfd2f6af1fff47d579a8', '["*"]', '2024-09-19 00:49:01', NULL, '2024-09-19 00:49:00', '2024-09-19 00:49:01'),
	(476, 'App\\Models\\Usuarios', 19, 'Personal Access Token', 'fdc7206a9f5e74a187e63c43bbf7ab48b2e1708fc553b9a491113295f558b634', '["*"]', '2024-09-19 00:53:09', NULL, '2024-09-19 00:53:08', '2024-09-19 00:53:09'),
	(477, 'App\\Models\\Usuarios', 19, 'Personal Access Token', '5f9d26d5a9156245579eba963e943e2d8d133358816a8627b80f1cadce5e820b', '["*"]', '2024-09-19 00:54:20', NULL, '2024-09-19 00:54:19', '2024-09-19 00:54:20'),
	(478, 'App\\Models\\Usuarios', 19, 'Personal Access Token', '390d5b67855bc4ba4807f1984da1d778e36b351940d0e1745adfde0eef5bf6ce', '["*"]', '2024-09-19 00:59:08', NULL, '2024-09-19 00:59:04', '2024-09-19 00:59:08'),
	(479, 'App\\Models\\Usuarios', 19, 'Personal Access Token', '3e97786621f44954a58184686d3245317191300eee92a2a63d49bec4caa8c257', '["*"]', '2024-09-19 01:06:50', NULL, '2024-09-19 01:06:45', '2024-09-19 01:06:50'),
	(480, 'App\\Models\\Usuarios', 19, 'Personal Access Token', 'cba5e55371aba53f963c45112df8d39ac5bf193b4e487871954a2b88457cd5d5', '["*"]', '2024-09-19 01:09:08', NULL, '2024-09-19 01:09:06', '2024-09-19 01:09:08'),
	(482, 'App\\Models\\Usuarios', 19, 'Personal Access Token', '6f0f5bc381247853795ae082018efcbeb0bb6dc155d40453290a847a50d6685a', '["*"]', '2024-09-19 01:10:55', NULL, '2024-09-19 01:10:50', '2024-09-19 01:10:55'),
	(483, 'App\\Models\\Usuarios', 1, 'Personal Access Token', '40e41826f5478f6876cee2189a2cba1227c8e58b381bea8fc472d4a1f788dcf0', '["*"]', '2024-09-19 01:11:03', NULL, '2024-09-19 01:11:02', '2024-09-19 01:11:03'),
	(484, 'App\\Models\\Usuarios', 1, 'Personal Access Token', '97997a11830c7e15c53969ef95ac5355a8271aaefbad1fc2b3a249bb40642138', '["*"]', '2024-09-19 01:18:11', NULL, '2024-09-19 01:18:06', '2024-09-19 01:18:11'),
	(485, 'App\\Models\\Usuarios', 1, 'Personal Access Token', 'c5cbd554fd8c2dbaa96fb83ec1bfbd232837ee42a45c69ed45787c596298edf4', '["*"]', '2024-09-19 01:19:27', NULL, '2024-09-19 01:19:22', '2024-09-19 01:19:27'),
	(486, 'App\\Models\\Usuarios', 1, 'Personal Access Token', '3ee5212ba092402e3fd654e6b287256bc9b1469ed4583d1c09810e466322f92c', '["*"]', '2024-09-19 01:21:22', NULL, '2024-09-19 01:21:17', '2024-09-19 01:21:22'),
	(487, 'App\\Models\\Usuarios', 1, 'Personal Access Token', 'e94e4a5096ed07de372bebfe9c458a31c6094662972c9acd5e0c9dbe06e7f9e4', '["*"]', '2024-09-19 01:24:33', NULL, '2024-09-19 01:24:28', '2024-09-19 01:24:33'),
	(488, 'App\\Models\\Usuarios', 1, 'Personal Access Token', '4fa10685023689a7db1c3057a9d418f7bd67fba8f29e3f31046218b1685bcbe8', '["*"]', '2024-09-19 01:25:48', NULL, '2024-09-19 01:25:43', '2024-09-19 01:25:48'),
	(489, 'App\\Models\\Usuarios', 1, 'Personal Access Token', 'c376c0a342adff425a64a52b1522c2cab2e3bb9ab328de303ec1b1ad5e7e6db6', '["*"]', '2024-09-19 01:27:59', NULL, '2024-09-19 01:27:54', '2024-09-19 01:27:59'),
	(490, 'App\\Models\\Usuarios', 1, 'Personal Access Token', '92857acc91b37b784139cea1dc4156bbb172b7ae4bb7ff179c432f2298697f0c', '["*"]', NULL, NULL, '2024-09-19 01:30:09', '2024-09-19 01:30:09'),
	(491, 'App\\Models\\Usuarios', 1, 'Personal Access Token', '6a9da9e98169e090550c31863db79cbb1e8210cc66e8987944c31d579730ee47', '["*"]', NULL, NULL, '2024-09-19 01:33:00', '2024-09-19 01:33:00'),
	(492, 'App\\Models\\Usuarios', 1, 'Personal Access Token', '64d7329ae9044dc0fb8e00b9dba358c0e0d6fb6f6f16f2b7d721fa0065278508', '["*"]', '2024-09-19 01:33:40', NULL, '2024-09-19 01:33:35', '2024-09-19 01:33:40'),
	(493, 'App\\Models\\Usuarios', 1, 'Personal Access Token', '81775e191eb77804e794057a8bda87d3088c71dc5939df2933bacc07b2f41b90', '["*"]', '2024-09-19 01:36:05', NULL, '2024-09-19 01:36:00', '2024-09-19 01:36:05'),
	(494, 'App\\Models\\Usuarios', 1, 'Personal Access Token', 'c7d1485566d02bf493f6e783b87ac69cfa398727e7566ed348121ec7409ea33c', '["*"]', '2024-09-19 01:36:35', NULL, '2024-09-19 01:36:30', '2024-09-19 01:36:35'),
	(495, 'App\\Models\\Usuarios', 1, 'Personal Access Token', '2d6d4852ee91a49f209126a47b67a8f8c9e9f5178d5c5dce25b41b073238c5ca', '["*"]', '2024-09-19 02:54:22', NULL, '2024-09-19 01:38:04', '2024-09-19 02:54:22'),
	(501, 'App\\Models\\Usuarios', 1, 'Personal Access Token', '5cca98c25c409045f847548afaca55bda3a78e8ff1255526cd06744790c3fcbb', '["*"]', '2024-09-19 21:34:47', NULL, '2024-09-19 21:07:31', '2024-09-19 21:34:47'),
	(502, 'App\\Models\\Usuarios', 1, 'Personal Access Token', 'a946d85a7319d6b77f5c74a389e52e417a75a31db5534cfe646d569097f23a35', '["*"]', '2024-09-19 21:26:40', NULL, '2024-09-19 21:21:14', '2024-09-19 21:26:40'),
	(503, 'App\\Models\\Usuarios', 1, 'Personal Access Token', '4ff76817b3c9ddc1460f53f75164d4700e61695f7345cbcc3b91f676d4a6bc57', '["*"]', '2024-09-20 01:58:44', NULL, '2024-09-20 00:27:05', '2024-09-20 01:58:44'),
	(504, 'App\\Models\\Usuarios', 1, 'Personal Access Token', '4f6a3a2d5363af371c9b995d73086d4443372543aae2c81003d93a469f75413c', '["*"]', '2024-09-22 07:17:12', NULL, '2024-09-22 05:09:38', '2024-09-22 07:17:12'),
	(505, 'App\\Models\\Usuarios', 1, 'Personal Access Token', '0af7367bce33ad5bc56c3cc4e014f4a1d94b97cc62023a03e460ed3b93313897', '["*"]', '2024-09-22 07:17:02', NULL, '2024-09-22 06:33:39', '2024-09-22 07:17:02'),
	(506, 'App\\Models\\Usuarios', 1, 'Personal Access Token', '67fe0cda99b7ee4308b061805b0506b6f24fce15d37b0e9e35c13562a330d0fd', '["*"]', '2024-09-22 07:57:22', NULL, '2024-09-22 07:22:58', '2024-09-22 07:57:22'),
	(508, 'App\\Models\\Usuarios', 1, 'Personal Access Token', '23ed834f2c838d2f3937d99407094d50905f4dea58b837cc55d2e097f97644b8', '["*"]', '2024-09-22 21:35:57', NULL, '2024-09-22 21:35:56', '2024-09-22 21:35:57'),
	(511, 'App\\Models\\Usuarios', 1, 'Personal Access Token', '14dc92c05a777472d3f0908ccd6573da0e4de9c44ce986e21b855088d3179b82', '["*"]', '2024-09-22 22:36:47', NULL, '2024-09-22 21:41:31', '2024-09-22 22:36:47'),
	(512, 'App\\Models\\Usuarios', 1, 'Personal Access Token', 'e8781e712c18cd2b529a98492fe99d7f9671c4cc67551bad87e194cd200d346c', '["*"]', '2024-09-22 22:37:13', NULL, '2024-09-22 22:36:55', '2024-09-22 22:37:13'),
	(513, 'App\\Models\\Usuarios', 1, 'Personal Access Token', '526201b2270c8e4d0783495697a6cdde85705b1f1b86091adb4bcf975679b95f', '["*"]', '2024-09-22 22:39:05', NULL, '2024-09-22 22:38:36', '2024-09-22 22:39:05'),
	(515, 'App\\Models\\Usuarios', 1, 'Personal Access Token', '0beaa04d071e38e52b7a32cb9b7531654d8d4e0c9b4abb80e6e3fdaf778fe272', '["*"]', '2024-09-22 23:21:13', NULL, '2024-09-22 23:21:12', '2024-09-22 23:21:13'),
	(516, 'App\\Models\\Usuarios', 1, 'Personal Access Token', '5f89ac67638eb34c1854d48e3ccec7494caa9cb7879fd12251040b1f0ca6bd53', '["*"]', '2024-09-22 23:28:28', NULL, '2024-09-22 23:28:24', '2024-09-22 23:28:28'),
	(517, 'App\\Models\\Usuarios', 1, 'Personal Access Token', '589b080ef5f805b6afab974a8cc7a3da2e12cab919bdecd1c68fd085d0816e87', '["*"]', '2024-09-22 23:28:41', NULL, '2024-09-22 23:28:36', '2024-09-22 23:28:41'),
	(518, 'App\\Models\\Usuarios', 1, 'Personal Access Token', 'f780efe3a2df837b707ae41c3edfa896cc7d02a90401cc483991c3c397141398', '["*"]', '2024-09-22 23:29:01', NULL, '2024-09-22 23:28:58', '2024-09-22 23:29:01'),
	(519, 'App\\Models\\Usuarios', 1, 'Personal Access Token', 'fc6a60b634489abf204b8ba8898c788379be910bb140284d305b91dee7b9397d', '["*"]', '2024-09-22 23:29:27', NULL, '2024-09-22 23:29:26', '2024-09-22 23:29:27'),
	(520, 'App\\Models\\Usuarios', 1, 'Personal Access Token', '2d7d6d76c0b0006cac24667e91cc581dcfa2a9c461e8a09704f8b9d5d0c43bc3', '["*"]', '2024-09-22 23:29:54', NULL, '2024-09-22 23:29:49', '2024-09-22 23:29:54'),
	(521, 'App\\Models\\Usuarios', 1, 'Personal Access Token', '5dca559d01d9345f824b5736391832a295a61a9c6d9ce7cd7bf380ebe59fd1a6', '["*"]', '2024-09-22 23:30:50', NULL, '2024-09-22 23:30:45', '2024-09-22 23:30:50'),
	(522, 'App\\Models\\Usuarios', 1, 'Personal Access Token', 'a4364c02256a42d6068973c6597080dd78c72bf8a2a5a95493f567ef33223edd', '["*"]', '2024-09-22 23:31:02', NULL, '2024-09-22 23:30:59', '2024-09-22 23:31:02'),
	(523, 'App\\Models\\Usuarios', 1, 'Personal Access Token', '94c5f35eea3fc4d0445e268546e6c6e0f303854fb44e1cec2656213343219bfc', '["*"]', '2024-09-22 23:31:18', NULL, '2024-09-22 23:31:13', '2024-09-22 23:31:18'),
	(524, 'App\\Models\\Usuarios', 1, 'Personal Access Token', '009938c78d3b808ada8411953627629ef8bb07642ee6ffc2afcb0edbbd22107c', '["*"]', '2024-09-22 23:36:02', NULL, '2024-09-22 23:35:58', '2024-09-22 23:36:02'),
	(525, 'App\\Models\\Usuarios', 1, 'Personal Access Token', '00ae60e215da3e93447fd100f34c2b8c45088d384279b626a3dcaf4989801afd', '["*"]', '2024-09-23 04:31:00', NULL, '2024-09-22 23:37:12', '2024-09-23 04:31:00'),
	(526, 'App\\Models\\Usuarios', 1, 'Personal Access Token', '83405f68f4c86b3f74bc632baee7ea1388f89d5e06e19cab5d32b6a9d82cab47', '["*"]', '2024-09-23 06:03:35', NULL, '2024-09-23 03:54:37', '2024-09-23 06:03:35'),
	(528, 'App\\Models\\Usuarios', 1, 'Personal Access Token', '314dd8a6d26904fe910a877a98e27d923d5a9382abf1c91b26809162d80a8abf', '["*"]', '2024-09-23 05:32:11', NULL, '2024-09-23 05:31:50', '2024-09-23 05:32:11'),
	(529, 'App\\Models\\Usuarios', 36, 'Personal Access Token', '5f755b8332a57b1f123efe60e1b7c94a207555f79def723bf4c2da926060d3ef', '["*"]', '2024-09-23 06:43:35', NULL, '2024-09-23 06:43:34', '2024-09-23 06:43:35'),
	(534, 'App\\Models\\Usuarios', 1, 'Personal Access Token', 'ddf9532309ba821e4ad9ee6559dc9af20c1a9805daf8d083d88de675e7c702a8', '["*"]', '2024-09-23 07:49:25', NULL, '2024-09-23 07:38:58', '2024-09-23 07:49:25'),
	(536, 'App\\Models\\Usuarios', 1, 'Personal Access Token', 'd1c7013ba470e0bc88afede7671aa9120672192def8c3860ed211c6508977946', '["*"]', '2024-09-23 08:31:23', NULL, '2024-09-23 08:28:41', '2024-09-23 08:31:23'),
	(548, 'App\\Models\\Usuarios', 36, 'Personal Access Token', '062459a7a54cf58b1965097e8492760ed39ba354a15be18b6470430ba496b8a8', '["*"]', '2024-09-23 22:06:43', NULL, '2024-09-23 20:54:12', '2024-09-23 22:06:43'),
	(550, 'App\\Models\\Usuarios', 38, 'Personal Access Token', '63c0ef8d1933537915f2cff3511e1c13c0af172760880639b12390f3150405c3', '["*"]', '2024-09-23 22:19:20', NULL, '2024-09-23 22:18:39', '2024-09-23 22:19:20'),
	(551, 'App\\Models\\Usuarios', 1, 'Personal Access Token', 'f7c500f8154527c3373401db8933af842eb6b8497e35d40518a8f28e6c65006e', '["*"]', '2024-09-24 02:32:44', NULL, '2024-09-24 01:26:15', '2024-09-24 02:32:44'),
	(552, 'App\\Models\\Usuarios', 1, 'Personal Access Token', '6e113bacdb0141640b5ba72f17c85e2da7c35cd0a1f06dc3fc6848b8a9de9999', '["*"]', '2024-09-24 01:27:19', NULL, '2024-09-24 01:26:59', '2024-09-24 01:27:19'),
	(553, 'App\\Models\\Usuarios', 38, 'Personal Access Token', '745c1e534b938979521f0b8aecf5be928c0bf4085e71beb1dccd9dce693377e2', '["*"]', '2024-09-24 02:32:56', NULL, '2024-09-24 01:46:15', '2024-09-24 02:32:56'),
	(554, 'App\\Models\\Usuarios', 1, 'Personal Access Token', '8446bc9917886ab19410aa8b6e32d96c340071524563adefbfc6c4325414b841', '["*"]', '2024-09-26 19:20:06', NULL, '2024-09-26 19:20:01', '2024-09-26 19:20:06'),
	(559, 'App\\Models\\Usuarios', 38, 'Personal Access Token', '1c8530dc9a7d6bfcee0c0ce11516a057d900d55c219540e9b22a6d3e84a343e8', '["*"]', '2024-09-26 19:39:05', NULL, '2024-09-26 19:26:46', '2024-09-26 19:39:05'),
	(561, 'App\\Models\\Usuarios', 38, 'Personal Access Token', '9214fff096229ebacfb8d705c63212886b522285d19bf5c5f1d20b14f61f1bc5', '["*"]', '2024-09-26 19:43:09', NULL, '2024-09-26 19:43:00', '2024-09-26 19:43:09'),
	(562, 'App\\Models\\Usuarios', 1, 'Personal Access Token', 'adc63f39cf034a24b3fe0c90796d354e689453e08494a04e90255f35c0607c23', '["*"]', '2024-09-27 00:31:06', NULL, '2024-09-26 19:43:18', '2024-09-27 00:31:06'),
	(563, 'App\\Models\\Usuarios', 1, 'Personal Access Token', 'cb4f0b79d07b0b3a989c2ea2436320e21ce6cccda7fc2ecd1f66afd6193cbfb3', '["*"]', '2024-09-27 01:25:26', NULL, '2024-09-27 01:16:23', '2024-09-27 01:25:26'),
	(564, 'App\\Models\\Usuarios', 1, 'Personal Access Token', '9fe64b2277eb5d8fd522762db81ae215f2a5938433a5af8aec2b82bcfe82e2d1', '["*"]', '2024-09-27 01:30:00', NULL, '2024-09-27 01:17:26', '2024-09-27 01:30:00'),
	(565, 'App\\Models\\Usuarios', 38, 'Personal Access Token', 'c28c2ac342d32d4beb3352e0e65bc14ed96e13536ef796e561d794611b6bccc3', '["*"]', '2024-09-27 01:31:44', NULL, '2024-09-27 01:20:33', '2024-09-27 01:31:44'),
	(566, 'App\\Models\\Usuarios', 38, 'Personal Access Token', '77f887a5b4c8cc4b5b8a0841b88737d906c6c781356a5ce5b8d7e13eea2cce53', '["*"]', '2024-09-27 22:31:52', NULL, '2024-09-27 18:30:58', '2024-09-27 22:31:52'),
	(567, 'App\\Models\\Usuarios', 1, 'Personal Access Token', '6c9e0848dc291eb28db1a43d88c650297603d1ff0e4b5e3ba1734e39953d0e68', '["*"]', '2024-09-27 22:35:40', NULL, '2024-09-27 18:31:05', '2024-09-27 22:35:40'),
	(568, 'App\\Models\\Usuarios', 38, 'Personal Access Token', '3c625c2b4e5952f5af2b5c9470934343d2d5b94fc1ab9c298f62fe448cfe0067', '["*"]', '2024-09-27 22:31:51', NULL, '2024-09-27 18:31:08', '2024-09-27 22:31:51'),
	(569, 'App\\Models\\Usuarios', 1, 'Personal Access Token', '836395fadaf6ed12272b6b81618216e182e9b7d8eca4cc248f9e2eafe0b572fc', '["*"]', '2024-09-27 22:03:53', NULL, '2024-09-27 22:01:44', '2024-09-27 22:03:53'),
	(570, 'App\\Models\\Usuarios', 1, 'Personal Access Token', 'b3bf775fab8f9a225c496aac25c16fba56768db19638af1c25a1c257d8af890a', '["*"]', '2024-09-28 02:50:49', NULL, '2024-09-28 00:17:59', '2024-09-28 02:50:49'),
	(571, 'App\\Models\\Usuarios', 1, 'Personal Access Token', 'e8ae03e2ba0028b3c77312e24543c3b7bb99046afbc99470bae111a853cd1900', '["*"]', NULL, NULL, '2024-09-28 00:26:27', '2024-09-28 00:26:27'),
	(572, 'App\\Models\\Usuarios', 38, 'Personal Access Token', '5e384c4ecafc13c94170b0c13f167b167bf0317f5b32b7070d09efea3c9f6923', '["*"]', '2024-09-30 07:10:04', NULL, '2024-09-30 04:59:54', '2024-09-30 07:10:04'),
	(573, 'App\\Models\\Usuarios', 38, 'Personal Access Token', '3f68b84ae07aded9c25986dcd2de186dfa184a42acc941c43da9db174eade33f', '["*"]', '2024-09-30 07:10:04', NULL, '2024-09-30 04:59:58', '2024-09-30 07:10:04'),
	(574, 'App\\Models\\Usuarios', 1, 'Personal Access Token', '84b92021ec1632e237fe6ac312070dfa249cefd2045e246cd8446d94f1379186', '["*"]', '2024-09-30 07:10:06', NULL, '2024-09-30 05:00:02', '2024-09-30 07:10:06'),
	(575, 'App\\Models\\Usuarios', 1, 'Personal Access Token', 'ca531e585f251253bc9262e40b23ca7bb14f263587577a1263455705fb86c678', '["*"]', '2024-09-30 07:51:40', NULL, '2024-09-30 07:11:56', '2024-09-30 07:51:40'),
	(576, 'App\\Models\\Usuarios', 1, 'Personal Access Token', '8ff0f0ac5dd0920cc9840c779092b9d060671dd6fedb1a1673f8cf193df10647', '["*"]', NULL, NULL, '2024-09-30 07:26:56', '2024-09-30 07:26:56'),
	(577, 'App\\Models\\Usuarios', 38, 'Personal Access Token', '4408961c3d3724b52e417e444a10db189e2e22cd9b57edef2627aa078aa4fbb8', '["*"]', '2024-09-30 07:47:18', NULL, '2024-09-30 07:30:41', '2024-09-30 07:47:18'),
	(578, 'App\\Models\\Usuarios', 38, 'Personal Access Token', 'b4098a1bcdef7bbd3eba0d97c479b11f26b51dc71f59953bd7207a41d8a08114', '["*"]', '2024-09-30 19:52:19', NULL, '2024-09-30 18:18:30', '2024-09-30 19:52:19'),
	(579, 'App\\Models\\Usuarios', 1, 'Personal Access Token', 'aaec0165be8b2638bbc8f294b7d45a87635f39f523ad2a939a57ec6bd47e75ee', '["*"]', '2024-09-30 21:46:20', NULL, '2024-09-30 18:21:18', '2024-09-30 21:46:20'),
	(580, 'App\\Models\\Usuarios', 1, 'Personal Access Token', 'c4269f924047fa86f048f901ba65d160b101f25e29286570c9cd79a56d854979', '["*"]', NULL, NULL, '2024-09-30 19:21:18', '2024-09-30 19:21:18'),
	(581, 'App\\Models\\Usuarios', 1, 'Personal Access Token', '47589fd9e6d60dc1c59989ba53f2403f5becd14e70589be322e43859abd7dd77', '["*"]', '2024-10-01 01:24:24', NULL, '2024-10-01 00:23:18', '2024-10-01 01:24:24'),
	(582, 'App\\Models\\Usuarios', 1, 'Personal Access Token', 'c27ea188613a49eefc5cfe160314a30c1a01e3a5ca1a332136e28a5c08e57a8c', '["*"]', '2024-10-01 02:49:33', NULL, '2024-10-01 00:23:56', '2024-10-01 02:49:33'),
	(583, 'App\\Models\\Usuarios', 38, 'Personal Access Token', '7368c78a5dd1d642c9b83122abb3c5b274554614d60fa922ae18be40e855aea9', '["*"]', '2024-10-01 02:47:26', NULL, '2024-10-01 00:29:40', '2024-10-01 02:47:26'),
	(584, 'App\\Models\\Usuarios', 1, 'Personal Access Token', '9bb2747c702820393d91af787794068b1ddf57ee6e6c8cf72520680986674cb0', '["*"]', '2024-10-03 20:21:15', NULL, '2024-10-03 18:27:56', '2024-10-03 20:21:15'),
	(585, 'App\\Models\\Usuarios', 1, 'Personal Access Token', '97234166683d510fab9ebb2d2102f02ca8bae84306258bd8f29bcd8c27c66d74', '["*"]', '2024-10-04 01:51:42', NULL, '2024-10-04 01:40:26', '2024-10-04 01:51:42'),
	(586, 'App\\Models\\Usuarios', 1, 'Personal Access Token', '6bda5046c79517fa7cccce85dc8b024338c041636a92b429e697ad426723a839', '["*"]', '2024-10-05 00:13:56', NULL, '2024-10-04 21:57:37', '2024-10-05 00:13:56'),
	(588, 'App\\Models\\Usuarios', 1, 'Personal Access Token', '08822aba069b16a4ad9602515791be62c0752bf2c3d028e0d721edd44e06e3a3', '["*"]', '2024-10-08 01:07:14', NULL, '2024-10-07 20:15:34', '2024-10-08 01:07:14'),
	(591, 'App\\Models\\Usuarios', 1, 'Personal Access Token', '94419c3710ea9414e861fedefeb259b274092bdeb85fdc42151bdec4b8a37605', '["*"]', '2024-10-11 22:39:50', NULL, '2024-10-11 20:03:30', '2024-10-11 22:39:50'),
	(592, 'App\\Models\\Usuarios', 1, 'Personal Access Token', '3a2c3f45eb5da22b28aa53bd15fd60c9cb6c784e54238c227a289ffe1b732a0b', '["*"]', '2024-10-11 20:11:07', NULL, '2024-10-11 20:11:03', '2024-10-11 20:11:07'),
	(593, 'App\\Models\\Usuarios', 1, 'Personal Access Token', '2a93e84b0f1f43a9e2f59239be1eeb9e79e98e81b3b49efcbe7ec60b05fa9b3f', '["*"]', NULL, NULL, '2024-10-11 20:11:05', '2024-10-11 20:11:05'),
	(595, 'App\\Models\\Usuarios', 1, 'Personal Access Token', '68ae51a35e695a6e166350b1fb8b4a0983278f9f85cb3a83c6d34f59acfe5169', '["*"]', '2024-10-11 23:01:00', NULL, '2024-10-11 22:21:36', '2024-10-11 23:01:00'),
	(597, 'App\\Models\\Usuarios', 1, 'Personal Access Token', '1a278889fdd488eb36508d26781684a730ee93fdeae59dcee39a5030680d09e3', '["*"]', '2024-10-11 22:40:14', NULL, '2024-10-11 22:39:55', '2024-10-11 22:40:14'),
	(598, 'App\\Models\\Usuarios', 1, 'Personal Access Token', '3ce73dcbfb73da54ebae88099b7c301de2d11c07078d4545dcbc25514ba1f144', '["*"]', '2024-10-15 00:25:32', NULL, '2024-10-14 19:27:07', '2024-10-15 00:25:32'),
	(599, 'App\\Models\\Usuarios', 1, 'Personal Access Token', '13f7721998e63e74b8000055a5af6939b06a94aca66cb6f2df874c177a33275e', '["*"]', '2024-10-14 20:18:59', NULL, '2024-10-14 20:18:56', '2024-10-14 20:18:59'),
	(600, 'App\\Models\\Usuarios', 1, 'Personal Access Token', 'd1e9ad73b89630890970f68e5e92090b1acda055ad06fecd0e358e2a82ae2228', '["*"]', '2024-10-15 01:41:56', NULL, '2024-10-14 21:00:33', '2024-10-15 01:41:56'),
	(601, 'App\\Models\\Usuarios', 1, 'Personal Access Token', '303768adcc3ceb2892bb7c04563bae1c4a883049de650b9702161dc9acf09e5d', '["*"]', '2024-10-15 01:56:11', NULL, '2024-10-15 01:56:08', '2024-10-15 01:56:11'),
	(602, 'App\\Models\\Usuarios', 1, 'Personal Access Token', '6e96027cf90130c3b1fcbf018b3c88f0514ccc9f2cbd41ca0a60498cfeae9c9f', '["*"]', NULL, NULL, '2024-10-15 01:56:10', '2024-10-15 01:56:10'),
	(603, 'App\\Models\\Usuarios', 1, 'Personal Access Token', '3fc3d20f3fcde7fd508ca113bcf2c9c723d381bd8fd602255a809ee0c35e4854', '["*"]', '2024-10-15 01:57:29', NULL, '2024-10-15 01:57:26', '2024-10-15 01:57:29'),
	(604, 'App\\Models\\Usuarios', 1, 'Personal Access Token', '55f542995f92caaabcec556267385d4acb92c5774529ea16c33aa6d4a77c5e77', '["*"]', '2024-10-15 02:34:36', NULL, '2024-10-15 01:57:28', '2024-10-15 02:34:36'),
	(606, 'App\\Models\\Usuarios', 1, 'Personal Access Token', '3cab519c03370c63a4b9c61aa5a0d6f79cff3592642b70c86c625f81f67c68c1', '["*"]', '2024-10-15 02:47:54', NULL, '2024-10-15 02:36:58', '2024-10-15 02:47:54'),
	(607, 'App\\Models\\Usuarios', 1, 'Personal Access Token', '41560e9da6519367bdd00a8a01df754c1acf0a29e0f52e2a3c233fdd57a7244f', '["*"]', '2024-10-18 02:05:05', NULL, '2024-10-18 02:05:00', '2024-10-18 02:05:05'),
	(615, 'App\\Models\\Usuarios', 1, 'Personal Access Token', '11b6bc59140962e0b7124f9c937282c081af3539b108653df7ffd5ba96f1e249', '["*"]', NULL, NULL, '2024-10-18 21:21:06', '2024-10-18 21:21:06'),
	(616, 'App\\Models\\Usuarios', 1, 'Personal Access Token', '43962c0a89552f2e8c054e9fcf47a003df54f944d6ad8f15c74059ee0fbdd973', '["*"]', NULL, NULL, '2024-10-18 21:21:09', '2024-10-18 21:21:09'),
	(619, 'App\\Models\\Usuarios', 1, 'Personal Access Token', '1002edef84239b2fdf7876ca843bbf90ea5da4ba588b61710558306f6f5c3f21', '["*"]', NULL, NULL, '2024-10-18 21:25:53', '2024-10-18 21:25:53'),
	(621, 'App\\Models\\Usuarios', 1, 'Personal Access Token', '6ba208a1e2c289f3253623215fbe7896962a56a6c8a6247984c6c208f1f36c92', '["*"]', NULL, NULL, '2024-10-18 21:26:32', '2024-10-18 21:26:32'),
	(663, 'App\\Models\\Usuarios', 1, 'Personal Access Token', '1e9b0b19a33eb81ebe21db009d78999fa0ea11657c450a54a933d343cbb9e3d7', '["*"]', '2024-10-19 01:48:10', NULL, '2024-10-19 01:48:07', '2024-10-19 01:48:10'),
	(664, 'App\\Models\\Usuarios', 1, 'Personal Access Token', '911fda1039eb4b9b137d4a1ab61a8e96a69f26ab1287e2a03cf4da15c95637cb', '["*"]', '2024-10-19 02:12:13', NULL, '2024-10-19 02:12:10', '2024-10-19 02:12:13'),
	(666, 'App\\Models\\Usuarios', 1, 'Personal Access Token', '9c5bb1345a6379e2b810c33983384e11aaba0943fe56359b842ce2a901f761c0', '["*"]', '2024-10-19 02:12:29', NULL, '2024-10-19 02:12:26', '2024-10-19 02:12:29'),
	(667, 'App\\Models\\Usuarios', 1, 'Personal Access Token', '55a5757f0f7e829abe2ac0fa3d3af88dc15c49351307896ba19fb83b0c1ed9d5', '["*"]', NULL, NULL, '2024-10-19 02:12:28', '2024-10-19 02:12:28'),
	(670, 'App\\Models\\Usuarios', 1, 'Personal Access Token', 'd3b83b238b830d74548a23ec43723c6216f298fe4b28f0fde5e19945affb1fc7', '["*"]', '2024-10-21 21:10:27', NULL, '2024-10-21 21:10:24', '2024-10-21 21:10:27'),
	(676, 'App\\Models\\Usuarios', 1, 'Personal Access Token', '7a87dc3dffd5ef1771f9d82810aa2d642e85ada4029135aac29f57dc51495f00', '["*"]', '2024-10-24 20:24:42', NULL, '2024-10-24 20:20:53', '2024-10-24 20:24:42'),
	(677, 'App\\Models\\Usuarios', 1, 'Personal Access Token', 'd1a2bb76be116a7e0bb5fa970c54e29a7e8f2baa45f47e55c37e942b8cb4095a', '["*"]', '2024-10-25 00:54:32', NULL, '2024-10-24 20:26:44', '2024-10-25 00:54:32'),
	(679, 'App\\Models\\Usuarios', 1, 'Personal Access Token', '87327bb3cf9c44759d2a2e499df050fc8180aa8117bab8b9e2bc27d0f6bb71a7', '["*"]', '2024-11-04 19:36:47', NULL, '2024-11-04 19:35:09', '2024-11-04 19:36:47'),
	(681, 'App\\Models\\Usuarios', 1, 'Personal Access Token', '0c6b531867168973584d2643906858aefab3877f6d117d915c33741b0ca658e1', '["*"]', '2024-11-04 21:57:54', NULL, '2024-11-04 20:44:18', '2024-11-04 21:57:54'),
	(682, 'App\\Models\\Usuarios', 1, 'Personal Access Token', '7318ea520d18f8d66779e3e08dbc76c5984405343e5e142c6301f1a8d2950108', '["*"]', '2024-11-05 01:05:37', NULL, '2024-11-04 21:56:00', '2024-11-05 01:05:37'),
	(683, 'App\\Models\\Usuarios', 1, 'Personal Access Token', '5e514c8d9329d81cb5e519f273f6e6210a8cbeb1844910e4c864027927b07e91', '["*"]', '2024-11-07 19:26:09', NULL, '2024-11-07 18:47:43', '2024-11-07 19:26:09'),
	(684, 'App\\Models\\Usuarios', 1, 'Personal Access Token', 'b9dd4dbdc9a291519363a3d75804527095f8715f45e8c6a26bf5fa92a25349c5', '["*"]', '2024-11-08 00:47:26', NULL, '2024-11-07 20:00:49', '2024-11-08 00:47:26'),
	(685, 'App\\Models\\Usuarios', 1, 'Personal Access Token', 'adde415d24bf177308f719cb0a02f66c4e18f430a12d4d710a00042880b00c7b', '["*"]', '2024-11-08 01:18:49', NULL, '2024-11-08 01:18:33', '2024-11-08 01:18:49'),
	(686, 'App\\Models\\Usuarios', 1, 'Personal Access Token', '9cd020643874facfcf0eb67bad55858527697e7fd9591140d534d81ec76972e2', '["*"]', '2024-11-08 01:36:06', NULL, '2024-11-08 01:19:16', '2024-11-08 01:36:06'),
	(687, 'App\\Models\\Usuarios', 1, 'Personal Access Token', '5f5fface623cd8e02025c4d755266dc7f9e10c378250c599599cc586383ba491', '["*"]', '2024-11-08 01:21:24', NULL, '2024-11-08 01:21:09', '2024-11-08 01:21:24'),
	(688, 'App\\Models\\Usuarios', 1, 'Personal Access Token', 'ac49813befb727881b5fbb0508a29449383f8f59770551a995efaf2d44abf890', '["*"]', '2024-11-08 18:21:04', NULL, '2024-11-08 18:19:30', '2024-11-08 18:21:04'),
	(689, 'App\\Models\\Usuarios', 1, 'Personal Access Token', '96736eb743c4cd9a4ca5d403635f8c5330933259564064a2a9f83b245d50e04f', '["*"]', '2024-11-08 18:59:08', NULL, '2024-11-08 18:21:58', '2024-11-08 18:59:08'),
	(690, 'App\\Models\\Usuarios', 1, 'Personal Access Token', '9b662582722bc95604041e7cd11913ecaeb63881521b757aaa1032eb089282d2', '["*"]', '2024-11-08 18:23:43', NULL, '2024-11-08 18:23:37', '2024-11-08 18:23:43'),
	(691, 'App\\Models\\Usuarios', 1, 'Personal Access Token', 'd4d239cea5df412ccc7e60bf187320ba0c2c3bdc60678d3c0d9fee1ac8d93441', '["*"]', '2024-11-08 18:46:36', NULL, '2024-11-08 18:31:40', '2024-11-08 18:46:36'),
	(692, 'App\\Models\\Usuarios', 1, 'Personal Access Token', '34528e5b9d2b916740d374add88f5c9fc3d15ad5b70a6476b2ecdcf23ddfdfcd', '["*"]', '2024-11-08 18:34:20', NULL, '2024-11-08 18:34:14', '2024-11-08 18:34:20'),
	(693, 'App\\Models\\Usuarios', 1, 'Personal Access Token', '9df94e3594ea02c4d67c9b20794bd10db18cf69458c453edf203ede5f4664d00', '["*"]', NULL, NULL, '2024-11-08 18:34:17', '2024-11-08 18:34:17'),
	(695, 'App\\Models\\Usuarios', 1, 'Personal Access Token', '1d2ae908bab8bddd58fce7c334acdbff45d6840f855b5284b9b604e481b2455e', '["*"]', '2024-11-11 19:33:50', NULL, '2024-11-11 18:38:49', '2024-11-11 19:33:50'),
	(696, 'App\\Models\\Usuarios', 1, 'Personal Access Token', '1ad5e0fc733c6ce2d71ff9239e80e773b427e5552a4d285ab2f9b71c7d5c88fd', '["*"]', '2024-11-11 18:39:48', NULL, '2024-11-11 18:39:39', '2024-11-11 18:39:48'),
	(697, 'App\\Models\\Usuarios', 1, 'Personal Access Token', '8a4cafd0cee6e7a2e75c1a5f6568fbf33e876852b477efa463b052bdcae68da6', '["*"]', '2024-11-12 02:17:19', NULL, '2024-11-12 00:06:00', '2024-11-12 02:17:19'),
	(698, 'App\\Models\\Usuarios', 1, 'Personal Access Token', '48c515bf19d55b470d4dc9190b861e79c79568076d2a5d394b83c8f7f221b1d8', '["*"]', '2024-11-14 21:35:05', NULL, '2024-11-14 18:22:53', '2024-11-14 21:35:05'),
	(699, 'App\\Models\\Usuarios', 1, 'Personal Access Token', '9d75a002cbad33b076157fbe53cdb33177687099a5ae27afa4e1da653f75bce1', '["*"]', '2024-11-15 02:02:15', NULL, '2024-11-15 02:02:07', '2024-11-15 02:02:15'),
	(700, 'App\\Models\\Usuarios', 1, 'Personal Access Token', '0e40c5e69fc81ca2dfe18eb74d59bee3930a0b96a21f77ae28d500ce18fc8cf3', '["*"]', '2024-11-15 02:31:25', NULL, '2024-11-15 02:02:12', '2024-11-15 02:31:25'),
	(701, 'App\\Models\\Usuarios', 1, 'Personal Access Token', '985c8596856cfbbcdc93c294bc9dd5cde0704997879ded39a70ce2d9c864e531', '["*"]', '2024-11-15 22:24:43', NULL, '2024-11-15 18:21:07', '2024-11-15 22:24:43'),
	(702, 'App\\Models\\Usuarios', 1, 'Personal Access Token', 'f19419793ae8c4d2f3fb48eead82c399b40efc92a1d723742ae335e59f93ff4b', '["*"]', '2024-11-16 02:38:55', NULL, '2024-11-16 00:12:05', '2024-11-16 02:38:55'),
	(703, 'App\\Models\\Usuarios', 1, 'Personal Access Token', '77ad2bbe3b3a22d8f6c79c427fbc397e401150f8a2129c0e784a12bbd3c9e765', '["*"]', '2024-11-18 20:38:34', NULL, '2024-11-18 18:29:18', '2024-11-18 20:38:34'),
	(704, 'App\\Models\\Usuarios', 1, 'Personal Access Token', '586cbc20b52adb3a5b60f4caae79b30d7d3afdff6ba5488b40b78d77ad3b9a52', '["*"]', '2024-11-21 18:43:15', NULL, '2024-11-21 18:43:06', '2024-11-21 18:43:15');

-- Volcando datos para la tabla crdventas.productos: ~13 rows (aproximadamente)
REPLACE INTO `productos` (`idProducto`, `NombrePro`, `Descripcion`, `Precio`, `Stock`, `FechaRegistro`, `FechaVencimiento`, `idCategoria`, `Estado`) VALUES
	(1, 'Mouse gamer alámbrico Logitech', 'G300S, usb, 2500 dpi, 9 botones, luces RGB', 80.00, 0, '2024-07-18', NULL, 1, 'DISPONIBLE'),
	(2, 'Coca Cola', 'Gaseosa de 2L', 7.50, 0, '2024-08-01', '2027-01-01', 2, 'INACTIVO'),
	(3, 'Polar Deportivo Mujer Mountain Gear', 'para este fuerte frio, es de un bien material', 44.90, 0, '2024-07-18', NULL, 4, 'INACTIVO'),
	(7, 'Celular iphon', 'iphon plus', 5000.90, 0, '2024-07-26', '2027-01-01', 1, 'INACTIVO'),
	(8, 'Coca Cola', 'Gaseosa de 2L', 7.50, 21, '2024-08-01', '2027-01-01', 2, 'ACTIVO'),
	(10, 'volt', 'volt maca de 200ml', 4.50, 0, '2024-08-01', NULL, 21, 'INACTIVO'),
	(11, 'volt', 'volt maca de 200ml', 4.50, 0, '2024-08-01', NULL, 21, 'INACTIVO'),
	(13, 'Atun1', 'Atun de filete de caballa', 4.50, 0, '2024-08-01', '2027-11-04', 12, 'DISPONIBLE'),
	(26, 'Pata de perro', 'Pata con zarnas', 1.00, 0, '2024-09-18', NULL, 12, 'DISPONIBLE'),
	(31, 'Pata de perro', 'Pata con zarnas', 80.00, 52, '2024-09-30', NULL, 6, 'ACTIVO'),
	(32, 'Pata de perro', 'Pata con zarnas', 80.00, 80, '2024-09-30', NULL, 1, 'ACTIVO'),
	(34, 'Pata de perro', 'Pata con zarnas', 80.00, 0, '2024-09-30', NULL, 21, 'INACTIVO');

-- Volcando datos para la tabla crdventas.roles: ~3 rows (aproximadamente)
REPLACE INTO `roles` (`id`, `name`, `guard_name`, `created_at`, `updated_at`) VALUES
	(1, 'ADMINISTRADOR', 'web', '2024-09-20 00:49:32', '2024-09-20 00:49:32'),
	(2, 'LOGISTICA', 'web', '2024-09-20 00:49:33', '2024-09-20 00:49:33'),
	(3, 'VENDEDOR', 'web', '2024-09-20 00:49:33', '2024-09-20 00:49:33');

-- Volcando datos para la tabla crdventas.role_has_permissions: ~0 rows (aproximadamente)

-- Volcando datos para la tabla crdventas.users: ~2 rows (aproximadamente)
REPLACE INTO `users` (`id`, `name`, `email`, `password`, `created_at`, `updated_at`, `Estado`) VALUES
	(1, 'Joel Martinez', 'marrinezjoel1@gmail.com', '$2y$12$GCk0Jjb.fFNTDS8SdaTh8uVo5XCXHGCEDQ709VbN405Rh/9Kce83.', '2024-08-22 18:49:16', '2024-10-24 20:48:48', 'ACTIVO'),
	(38, 'PRUEBA ##', 'prueba@gmail.com', '$2y$12$hxNn6ItPQXbMknW9eV/mrOSn8iIuH.F8Bb.0DwYaVDV6Rbuvqc2s2', '2024-09-23 22:18:03', '2024-10-25 00:54:32', 'ACTIVO'),
	(39, 'miguel', 'miguelo@gmail.com', '$2y$12$vqHsqPjNHPYdsF1ksP/w9eQj/DDjkERn6ogEBQIhZyPunWAj.DMyC', '2024-11-08 18:45:01', '2024-11-08 18:45:28', 'ACTIVO');

-- Volcando datos para la tabla crdventas.venta: ~31 rows (aproximadamente)
REPLACE INTO `venta` (`idVenta`, `FechaEmicion`, `Total`, `Estado`) VALUES
	(42, '2024-07-22', NULL, NULL),
	(43, '2024-07-22', 580.00, 'pagado'),
	(44, '2024-07-22', 580.00, 'pagado'),
	(45, '2024-07-22', 580.00, 'pagado'),
	(46, '2024-07-22', 785.00, 'pagado'),
	(47, '2024-07-22', 704.60, 'pagado'),
	(48, '2024-07-22', 534.80, 'pagado'),
	(49, '2023-07-26', 551.25, 'Pendiente'),
	(50, '2023-07-26', 551.25, 'Pendiente'),
	(51, '2024-08-01', 15.00, 'Pagado'),
	(52, '2024-08-01', 7.50, 'Pagado'),
	(53, '2024-08-01', 4.50, 'Pagado'),
	(54, '2024-08-01', 12.00, 'pagado'),
	(55, '2024-08-01', 12.00, 'pagado'),
	(56, '2024-08-01', 9.00, 'pagado'),
	(57, '2024-08-01', 4.50, 'pagado'),
	(58, '2024-08-01', 4.50, 'pagado'),
	(59, '2024-08-01', 5000.90, 'pagado'),
	(60, '2024-08-01', 5000.90, 'pagado'),
	(61, '2024-08-01', 5000.90, 'pagado'),
	(62, '2024-08-01', 7.50, 'pagado'),
	(63, '2024-08-01', 9.00, 'pagado'),
	(64, '2024-08-02', 7.50, 'pagado'),
	(65, '2024-08-02', 80.00, 'pagado'),
	(66, '2024-08-02', 80.00, 'pagado'),
	(67, '2024-08-02', 80.00, 'pagado'),
	(68, '2023-08-01', 120.00, 'Completada'),
	(69, '2024-08-02', 87.50, 'pagado'),
	(70, '2024-08-02', 40.50, 'pagado'),
	(71, '2024-08-02', 44.90, 'pagado'),
	(72, '2024-08-04', 87.50, 'pagado'),
	(73, '2024-08-22', 232.50, 'PAGADO'),
	(74, '2024-08-29', 20003.60, 'PAGADO'),
	(75, '2024-09-02', 800.00, 'Pendiente'),
	(76, '2024-09-02', 184.50, 'PAGADO'),
	(77, '2024-09-17', 160.00, 'PAGADO'),
	(78, '2024-09-18', 23.50, 'PAGADO'),
	(79, '2024-09-23', 80.00, 'PAGADO'),
	(80, '2024-09-27', 5000.90, 'PAGADO'),
	(81, '2024-09-30', 80.00, 'PAGADO'),
	(82, '2024-09-30', 0.00, 'PAGADO'),
	(83, '2024-10-14', 560.00, 'PAGADO'),
	(84, '2024-10-18', 5000.90, 'PAGADO'),
	(85, '2024-11-11', 2815.00, 'PAGADO'),
	(86, '2024-11-11', 7259.50, 'PAGADO');

/*!40103 SET TIME_ZONE=IFNULL(@OLD_TIME_ZONE, 'system') */;
/*!40101 SET SQL_MODE=IFNULL(@OLD_SQL_MODE, '') */;
/*!40014 SET FOREIGN_KEY_CHECKS=IFNULL(@OLD_FOREIGN_KEY_CHECKS, 1) */;
/*!40101 SET CHARACTER_SET_CLIENT=@OLD_CHARACTER_SET_CLIENT */;
/*!40111 SET SQL_NOTES=IFNULL(@OLD_SQL_NOTES, 1) */;
